id,terrestrial_date,sol,ls,month,min_temp,pressure,terrestrial_days
2,2012-08-16,10,155,6,-75.0,739.0,10.27
13,2012-08-17,11,156,6,-76.0,740.0,11.296999999999999
24,2012-08-18,12,156,6,-76.0,741.0,12.323999999999998
35,2012-08-19,13,157,6,-74.0,732.0,13.350999999999999
46,2012-08-20,14,157,6,-74.0,740.0,14.377999999999998
57,2012-08-21,15,158,6,-78.0,740.0,15.405
68,2012-08-22,16,158,6,-77.0,740.0,16.432
79,2012-08-23,17,159,6,-76.0,742.0,17.459
112,2012-08-27,21,161,6,-74.0,741.0,21.566999999999997
114,2012-08-28,22,162,6,-74.0,742.0,22.593999999999998
123,2012-08-29,23,162,6,-75.0,741.0,23.621
134,2012-08-30,24,163,6,-75.0,742.0,24.647999999999996
145,2012-08-31,25,163,6,-75.0,743.0,25.674999999999997
156,2012-09-01,26,164,6,-76.0,745.0,26.701999999999998
163,2012-09-02,27,164,6,-75.0,743.0,27.729
170,2012-09-03,28,165,6,-75.0,745.0,28.755999999999997
171,2012-09-04,29,166,6,-75.0,747.0,29.782999999999998
172,2012-09-05,30,166,6,-74.0,747.0,30.81
173,2012-09-06,31,167,6,-74.0,745.0,31.836999999999996
175,2012-09-08,33,168,6,-73.0,748.0,33.891
176,2012-09-10,34,168,6,-73.0,748.0,34.918
177,2012-09-11,35,169,6,-73.0,749.0,35.945
178,2012-09-12,36,169,6,-73.0,750.0,36.971999999999994
179,2012-09-13,37,170,6,-73.0,750.0,37.998999999999995
180,2012-09-14,38,171,6,-73.0,750.0,39.025999999999996
181,2012-09-15,39,171,6,-75.0,751.0,40.053
182,2012-09-16,40,172,6,-75.0,753.0,41.08
183,2012-09-17,41,172,6,-75.0,753.0,42.107
184,2012-09-18,42,173,6,-75.0,754.0,43.13399999999999
185,2012-09-19,43,173,6,-74.0,756.0,44.160999999999994
186,2012-09-20,44,174,6,-75.0,757.0,45.187999999999995
187,2012-09-21,45,175,6,-74.0,758.0,46.214999999999996
188,2012-09-22,46,175,6,-74.0,758.0,47.242
189,2012-09-23,47,176,6,-75.0,758.0,48.269
190,2012-09-24,48,176,6,-75.0,759.0,49.29599999999999
191,2012-09-25,49,177,6,-74.0,761.0,50.32299999999999
192,2012-09-26,50,177,6,-72.0,761.0,51.349999999999994
193,2012-09-27,51,178,6,-76.0,762.0,52.376999999999995
194,2012-09-28,52,179,6,-74.0,762.0,53.403999999999996
195,2012-09-29,53,179,6,-71.0,764.0,54.431
196,2012-09-30,54,180,7,-72.0,766.0,55.458
197,2012-10-01,55,180,7,-74.0,766.0,56.48499999999999
198,2012-10-02,56,181,7,-73.0,768.0,57.51199999999999
199,2012-10-03,57,181,7,-73.0,769.0,58.538999999999994
200,2012-10-04,58,182,7,-74.0,769.0,59.565999999999995
201,2012-10-05,59,183,7,-76.0,771.0,60.592999999999996
202,2012-10-06,60,183,7,-75.0,772.0,61.62
203,2012-10-07,61,184,7,-72.0,772.0,62.64699999999999
204,2012-10-08,62,184,7,-72.0,774.0,63.67399999999999
205,2012-10-09,63,185,7,-73.0,775.0,64.701
206,2012-10-10,64,186,7,-74.0,776.0,65.728
207,2012-10-11,65,186,7,-72.0,777.0,66.755
208,2012-10-12,66,187,7,-73.0,778.0,67.782
209,2012-10-13,67,187,7,-73.0,780.0,68.809
210,2012-10-14,68,188,7,-71.0,781.0,69.836
211,2012-10-15,69,189,7,-73.0,778.0,70.863
212,2012-10-17,70,189,7,-72.0,783.0,71.89
213,2012-10-18,71,190,7,-71.0,784.0,72.91699999999999
214,2012-10-19,72,190,7,-73.0,785.0,73.94399999999999
215,2012-10-20,73,191,7,-70.0,788.0,74.97099999999999
216,2012-10-21,74,192,7,-72.0,790.0,75.99799999999999
217,2012-10-22,75,192,7,-73.0,791.0,77.02499999999999
218,2012-10-23,76,193,7,-73.0,792.0,78.05199999999999
219,2012-10-24,77,193,7,-71.0,792.0,79.079
220,2012-10-25,78,194,7,-71.0,793.0,80.106
221,2012-10-26,79,195,7,-73.0,795.0,81.133
222,2012-10-27,80,195,7,-70.0,796.0,82.16
223,2012-10-28,81,196,7,-72.0,798.0,83.187
224,2012-10-29,82,196,7,-72.0,799.0,84.214
225,2012-10-30,83,197,7,-72.0,801.0,85.241
226,2012-10-31,84,198,7,-70.0,801.0,86.26799999999999
227,2012-11-01,85,198,7,-71.0,805.0,87.29499999999999
228,2012-11-02,86,199,7,-71.0,808.0,88.32199999999999
229,2012-11-03,87,199,7,-70.0,808.0,89.34899999999999
230,2012-11-04,88,200,7,-70.0,811.0,90.37599999999999
231,2012-11-05,89,201,7,-73.0,813.0,91.40299999999999
233,2012-11-06,90,201,7,-71.0,813.0,92.42999999999999
234,2012-11-07,91,202,7,-74.0,817.0,93.457
235,2012-11-08,92,202,7,-74.0,820.0,94.484
236,2012-11-09,93,203,7,-72.0,819.0,95.511
237,2012-11-10,94,204,7,-70.0,822.0,96.538
238,2012-11-11,95,204,7,-68.0,822.0,97.565
239,2012-11-12,96,205,7,-71.0,826.0,98.59199999999998
240,2012-11-13,97,206,7,-68.0,828.0,99.61899999999999
241,2012-11-14,98,206,7,-68.0,828.0,100.64599999999999
242,2012-11-15,99,207,7,-68.0,829.0,101.67299999999999
3,2012-11-16,100,207,7,-66.0,829.0,102.69999999999999
4,2012-11-17,101,208,7,-65.0,830.0,103.72699999999999
5,2012-11-18,102,209,7,-67.0,833.0,104.75399999999999
6,2012-11-19,103,209,7,-66.0,836.0,105.78099999999999
7,2012-11-20,104,210,8,-67.0,838.0,106.80799999999999
8,2012-11-21,105,211,8,-66.0,839.0,107.835
9,2012-11-23,106,211,8,-66.0,841.0,108.862
10,2012-11-24,107,212,8,-66.0,844.0,109.889
11,2012-11-25,108,212,8,-65.0,845.0,110.916
12,2012-11-26,109,213,8,-64.0,844.0,111.94299999999998
14,2012-11-27,110,214,8,-65.0,848.0,112.96999999999998
15,2012-11-28,111,214,8,-66.0,849.0,113.99699999999999
16,2012-11-29,112,215,8,-65.0,852.0,115.02399999999999
17,2012-11-30,113,216,8,-66.0,857.0,116.05099999999999
18,2012-12-01,114,216,8,-69.0,857.0,117.07799999999999
19,2012-12-02,115,217,8,-66.0,857.0,118.10499999999999
20,2012-12-03,116,217,8,-67.0,859.0,119.13199999999999
21,2012-12-04,117,218,8,-66.0,861.0,120.15899999999999
22,2012-12-05,118,219,8,-65.0,864.0,121.18599999999999
23,2012-12-06,119,219,8,-66.0,866.0,122.213
25,2012-12-07,120,220,8,-67.0,867.0,123.24
26,2012-12-08,121,221,8,-66.0,869.0,124.267
27,2012-12-09,122,221,8,-65.0,869.0,125.29399999999998
28,2012-12-10,123,222,8,-66.0,875.0,126.32099999999998
29,2012-12-11,124,223,8,-66.0,876.0,127.34799999999998
30,2012-12-12,125,223,8,-68.0,880.0,128.375
31,2012-12-13,126,224,8,-66.0,880.0,129.402
32,2012-12-14,127,224,8,-67.0,884.0,130.429
33,2012-12-15,128,225,8,-67.0,883.0,131.456
34,2012-12-16,129,226,8,-65.0,886.0,132.48299999999998
36,2012-12-17,130,226,8,-65.0,888.0,133.51
37,2012-12-18,131,227,8,-65.0,889.0,134.53699999999998
38,2012-12-19,132,228,8,-65.0,890.0,135.564
39,2012-12-20,133,228,8,-65.0,891.0,136.59099999999998
40,2012-12-21,134,229,8,-67.0,893.0,137.618
41,2012-12-22,135,230,8,-65.0,894.0,138.64499999999998
42,2012-12-23,136,230,8,-65.0,897.0,139.672
43,2012-12-24,137,231,8,-64.0,896.0,140.69899999999998
44,2012-12-25,138,232,8,-65.0,899.0,141.726
45,2012-12-26,139,232,8,-66.0,899.0,142.753
47,2012-12-27,140,233,8,-66.0,903.0,143.78
48,2012-12-28,141,233,8,-64.0,904.0,144.807
49,2012-12-29,142,234,8,-65.0,906.0,145.83399999999997
50,2012-12-31,143,235,8,-63.0,908.0,146.861
51,2013-01-01,144,235,8,-64.0,907.0,147.88799999999998
52,2013-01-02,145,236,8,-64.0,909.0,148.915
53,2013-01-03,146,237,8,-65.0,908.0,149.94199999999998
54,2013-01-04,147,237,8,-65.0,914.0,150.969
55,2013-01-05,148,238,8,-65.0,912.0,151.99599999999998
56,2013-01-06,149,239,8,-65.0,914.0,153.023
58,2013-01-07,150,239,8,-64.0,913.0,154.04999999999998
59,2013-01-08,151,240,9,-65.0,915.0,155.077
60,2013-01-09,152,241,9,-63.0,914.0,156.10399999999998
61,2013-01-10,153,241,9,-65.0,915.0,157.131
62,2013-01-11,154,242,9,-65.0,917.0,158.158
63,2013-01-12,155,243,9,-64.0,917.0,159.18499999999997
64,2013-01-13,156,243,9,-65.0,922.0,160.212
65,2013-01-14,157,244,9,-64.0,920.0,161.23899999999998
66,2013-01-15,158,245,9,-66.0,922.0,162.266
67,2013-01-16,159,245,9,-65.0,918.0,163.29299999999998
69,2013-01-17,160,246,9,-67.0,919.0,164.32
70,2013-01-18,161,246,9,-65.0,919.0,165.34699999999998
71,2013-01-19,162,247,9,-65.0,919.0,166.374
72,2013-01-20,163,248,9,-65.0,919.0,167.40099999999998
73,2013-01-21,164,248,9,-64.0,919.0,168.428
74,2013-01-22,165,249,9,-65.0,922.0,169.45499999999998
75,2013-01-23,166,250,9,-65.0,922.0,170.482
76,2013-01-24,167,250,9,-65.0,920.0,171.509
77,2013-01-25,168,251,9,-66.0,923.0,172.53599999999997
78,2013-01-26,169,252,9,-66.0,922.0,173.563
80,2013-01-27,170,252,9,-66.0,925.0,174.58999999999997
81,2013-01-28,171,253,9,-67.0,925.0,175.617
82,2013-01-29,172,254,9,-67.0,923.0,176.64399999999998
83,2013-01-30,173,254,9,-67.0,920.0,177.671
84,2013-01-31,174,255,9,-67.0,921.0,178.69799999999998
85,2013-02-01,175,256,9,-68.0,921.0,179.725
86,2013-02-02,176,256,9,-67.0,920.0,180.75199999999998
87,2013-02-03,177,257,9,-66.0,921.0,181.779
88,2013-02-04,178,258,9,-66.0,920.0,182.80599999999998
89,2013-02-06,179,258,9,-66.0,920.0,183.833
91,2013-02-07,180,259,9,-67.0,919.0,184.85999999999999
92,2013-02-08,181,260,9,-67.0,918.0,185.88699999999997
93,2013-02-09,182,260,9,-67.0,921.0,186.914
94,2013-02-10,183,261,9,-67.0,921.0,187.94099999999997
95,2013-02-11,184,261,9,-67.0,923.0,188.968
96,2013-02-12,185,262,9,-67.0,923.0,189.99499999999998
97,2013-02-13,186,263,9,-66.0,922.0,191.022
98,2013-02-14,187,263,9,-67.0,921.0,192.04899999999998
99,2013-02-15,188,264,9,-68.0,920.0,193.076
100,2013-02-16,189,265,9,-68.0,920.0,194.10299999999998
102,2013-02-17,190,265,9,-66.0,917.0,195.13
103,2013-02-18,191,266,9,-67.0,921.0,196.15699999999998
106,2013-02-23,196,269,9,-66.0,916.0,201.29199999999997
107,2013-02-24,197,270,10,-68.0,915.0,202.319
108,2013-02-25,198,271,10,-67.0,914.0,203.34599999999998
109,2013-02-26,199,271,10,-66.0,917.0,204.373
116,2013-03-23,223,287,10,-71.0,895.0,229.021
117,2013-03-24,224,287,10,-69.0,894.0,230.04799999999997
118,2013-03-25,225,288,10,-71.0,894.0,231.075
119,2013-03-26,226,288,10,-70.0,894.0,232.10199999999998
120,2013-03-27,227,289,10,-70.0,892.0,233.129
121,2013-03-28,228,290,10,-71.0,894.0,234.15599999999998
122,2013-03-29,229,290,10,-69.0,894.0,235.183
124,2013-03-30,230,291,10,-69.0,888.0,236.20999999999998
125,2013-03-31,231,292,10,-71.0,890.0,237.23699999999997
126,2013-04-01,232,292,10,-69.0,888.0,238.26399999999998
127,2013-04-02,233,293,10,-69.0,889.0,239.29099999999997
128,2013-04-03,234,293,10,-69.0,890.0,240.31799999999998
129,2013-04-04,235,294,10,-70.0,886.0,241.34499999999997
130,2013-04-05,236,295,10,-72.0,886.0,242.37199999999999
131,2013-04-06,237,295,10,-71.0,883.0,243.39899999999997
132,2013-04-07,238,296,10,-70.0,885.0,244.426
133,2013-04-08,239,297,10,-73.0,885.0,245.45299999999997
135,2013-04-09,240,297,10,-70.0,884.0,246.48
136,2013-04-10,241,298,10,-72.0,884.0,247.50699999999998
137,2013-04-11,242,298,10,-70.0,881.0,248.534
138,2013-04-12,243,299,10,-71.0,884.0,249.56099999999998
139,2013-04-13,244,300,11,-69.0,878.0,250.58799999999997
140,2013-04-14,245,300,11,-70.0,879.0,251.61499999999998
141,2013-04-15,246,301,11,-73.0,878.0,252.64199999999997
142,2013-04-16,247,301,11,-71.0,873.0,253.66899999999998
143,2013-04-17,248,302,11,-70.0,877.0,254.69599999999997
144,2013-04-18,249,303,11,-69.0,873.0,255.72299999999998
146,2013-04-19,250,303,11,-70.0,877.0,256.75
147,2013-04-20,251,304,11,-71.0,876.0,257.777
148,2013-04-22,252,304,11,-71.0,874.0,258.804
149,2013-04-23,253,305,11,-71.0,877.0,259.83099999999996
150,2013-04-24,254,306,11,-70.0,871.0,260.858
151,2013-04-25,255,306,11,-69.0,877.0,261.885
152,2013-04-26,256,307,11,-70.0,871.0,262.912
153,2013-04-27,257,308,11,-70.0,871.0,263.93899999999996
154,2013-04-28,258,308,11,-71.0,869.0,264.96599999999995
155,2013-04-29,259,309,11,-72.0,871.0,265.993
157,2013-04-30,260,309,11,-70.0,875.0,267.02
158,2013-05-01,261,310,11,-70.0,868.0,268.04699999999997
161,2013-05-08,268,314,11,-70.0,864.0,275.236
162,2013-05-09,269,315,11,-72.0,866.0,276.263
164,2013-05-10,270,315,11,-67.0,863.0,277.28999999999996
165,2013-05-11,271,316,11,-69.0,864.0,278.31699999999995
166,2013-05-12,272,316,11,-71.0,864.0,279.344
167,2013-05-13,273,317,11,-70.0,861.0,280.371
168,2013-05-14,274,318,11,-70.0,861.0,281.39799999999997
169,2013-05-15,275,318,11,-67.0,860.0,282.42499999999995
244,2013-05-16,276,319,11,-69.0,858.0,283.452
245,2013-05-17,277,319,11,-69.0,857.0,284.479
246,2013-05-18,278,320,11,-67.0,855.0,285.506
247,2013-05-19,279,321,11,-68.0,856.0,286.53299999999996
248,2013-05-20,280,321,11,-69.0,856.0,287.56
249,2013-05-21,281,322,11,-68.0,855.0,288.587
250,2013-05-22,282,322,11,-72.0,856.0,289.614
251,2013-05-23,283,323,11,-68.0,854.0,290.64099999999996
252,2013-05-24,284,323,11,-71.0,854.0,291.66799999999995
253,2013-05-25,285,324,11,-70.0,852.0,292.695
254,2013-05-26,286,325,11,-71.0,854.0,293.722
255,2013-05-27,287,325,11,-72.0,856.0,294.74899999999997
256,2013-05-29,288,326,11,-69.0,854.0,295.77599999999995
257,2013-05-30,289,326,11,-71.0,854.0,296.803
258,2013-05-31,290,327,11,-71.0,853.0,297.83
259,2013-06-01,291,327,11,-70.0,853.0,298.85699999999997
260,2013-06-02,292,328,11,-71.0,853.0,299.88399999999996
261,2013-06-03,293,329,11,-72.0,850.0,300.911
262,2013-06-04,294,329,11,-72.0,852.0,301.938
263,2013-06-05,295,330,12,-71.0,853.0,302.965
264,2013-06-06,296,330,12,-71.0,850.0,303.99199999999996
265,2013-06-07,297,331,12,-72.0,849.0,305.01899999999995
266,2013-06-08,298,331,12,-72.0,850.0,306.046
267,2013-06-09,299,332,12,-71.0,849.0,307.073
286,2013-06-10,300,333,12,-72.0,852.0,308.09999999999997
276,2013-06-11,301,333,12,-73.0,852.0,309.12699999999995
287,2013-06-12,302,334,12,-71.0,850.0,310.154
283,2013-06-13,303,334,12,-71.0,849.0,311.181
281,2013-06-14,304,335,12,-70.0,848.0,312.20799999999997
275,2013-06-15,305,335,12,-71.0,847.0,313.23499999999996
280,2013-06-16,306,336,12,-71.0,848.0,314.262
279,2013-06-17,307,336,12,-72.0,851.0,315.289
282,2013-06-18,308,337,12,-73.0,850.0,316.316
284,2013-06-19,309,338,12,-72.0,848.0,317.34299999999996
278,2013-06-20,310,338,12,-71.0,849.0,318.36999999999995
277,2013-06-21,311,339,12,-74.0,846.0,319.397
285,2013-06-22,312,339,12,-71.0,845.0,320.424
274,2013-06-23,313,340,12,-77.0,849.0,321.45099999999996
272,2013-06-24,314,340,12,-73.0,848.0,322.47799999999995
273,2013-06-25,315,341,12,-74.0,850.0,323.505
288,2013-06-26,316,341,12,-74.0,851.0,324.532
268,2013-06-27,317,342,12,-72.0,849.0,325.55899999999997
270,2013-06-28,318,342,12,-74.0,849.0,326.58599999999996
271,2013-06-29,319,343,12,-73.0,847.0,327.613
269,2013-06-30,320,344,12,-74.0,846.0,328.64
289,2013-07-01,321,344,12,-75.0,847.0,329.667
291,2013-07-02,322,345,12,-74.0,849.0,330.69399999999996
290,2013-07-03,323,345,12,-74.0,847.0,331.72099999999995
292,2013-07-04,324,346,12,-75.0,850.0,332.748
294,2013-07-06,325,346,12,-74.0,847.0,333.775
295,2013-07-07,326,347,12,-72.0,848.0,334.80199999999996
296,2013-07-08,327,347,12,-74.0,848.0,335.82899999999995
293,2013-07-09,328,348,12,-75.0,847.0,336.856
298,2013-07-10,329,348,12,-74.0,847.0,337.883
297,2013-07-11,330,349,12,-75.0,848.0,338.90999999999997
303,2013-07-12,331,349,12,-74.0,848.0,339.93699999999995
300,2013-07-13,332,350,12,-76.0,849.0,340.964
299,2013-07-14,333,350,12,-75.0,849.0,341.991
301,2013-07-15,334,351,12,-74.0,852.0,343.018
302,2013-07-16,335,352,12,-76.0,852.0,344.04499999999996
305,2013-07-17,336,352,12,-76.0,852.0,345.07199999999995
304,2013-07-18,337,353,12,-75.0,853.0,346.099
306,2013-07-19,338,353,12,-78.0,848.0,347.126
308,2013-07-20,339,354,12,-76.0,849.0,348.15299999999996
307,2013-07-21,340,354,12,-76.0,851.0,349.17999999999995
310,2013-07-22,341,355,12,-77.0,852.0,350.207
309,2013-07-23,342,355,12,-76.0,851.0,351.234
311,2013-07-24,343,356,12,-77.0,850.0,352.26099999999997
317,2013-07-25,344,356,12,-77.0,851.0,353.28799999999995
312,2013-07-26,345,357,12,-77.0,853.0,354.315
314,2013-07-27,346,357,12,-76.0,853.0,355.342
313,2013-07-28,347,358,12,-77.0,851.0,356.36899999999997
315,2013-07-29,348,358,12,-74.0,850.0,357.39599999999996
316,2013-07-30,349,359,12,-75.0,852.0,358.42299999999994
318,2013-07-31,350,359,12,-76.0,853.0,359.45
320,2013-08-01,351,0,1,-75.0,853.0,360.477
319,2013-08-02,352,0,1,-77.0,854.0,361.50399999999996
323,2013-08-03,353,1,1,-75.0,855.0,362.53099999999995
322,2013-08-04,354,1,1,-75.0,857.0,363.558
321,2013-08-05,355,2,1,-75.0,857.0,364.585
324,2013-08-06,356,2,1,-77.0,856.0,365.61199999999997
325,2013-08-07,357,3,1,-76.0,857.0,366.63899999999995
326,2013-08-17,366,7,1,-76.0,861.0,375.88199999999995
328,2013-08-18,367,8,1,-76.0,862.0,376.909
330,2013-08-19,368,8,1,-77.0,863.0,377.936
331,2013-08-20,369,9,1,-75.0,865.0,378.96299999999997
332,2013-08-21,370,9,1,-79.0,865.0,379.98999999999995
333,2013-08-22,371,10,1,-77.0,865.0,381.017
334,2013-08-23,372,10,1,-76.0,866.0,382.044
335,2013-08-24,373,11,1,-79.0,866.0,383.07099999999997
337,2013-08-25,374,11,1,-79.0,866.0,384.09799999999996
336,2013-08-26,375,12,1,-77.0,867.0,385.12499999999994
340,2013-08-27,376,12,1,-78.0,870.0,386.152
338,2013-08-28,377,13,1,-78.0,870.0,387.179
339,2013-08-29,378,13,1,-78.0,869.0,388.20599999999996
341,2013-08-30,379,14,1,-79.0,870.0,389.23299999999995
343,2013-08-31,380,14,1,-79.0,870.0,390.26
345,2013-09-01,381,15,1,-79.0,871.0,391.287
344,2013-09-02,382,15,1,-76.0,872.0,392.31399999999996
342,2013-09-03,383,16,1,-77.0,874.0,393.34099999999995
346,2013-09-04,384,16,1,-77.0,875.0,394.36799999999994
351,2013-09-05,385,17,1,-78.0,874.0,395.395
347,2013-09-06,386,17,1,-77.0,873.0,396.42199999999997
349,2013-09-07,387,18,1,-78.0,874.0,397.44899999999996
350,2013-09-08,388,18,1,-79.0,875.0,398.47599999999994
348,2013-09-09,389,19,1,-79.0,875.0,399.503
352,2013-09-10,390,19,1,-78.0,875.0,400.53
353,2013-09-11,391,20,1,-78.0,875.0,401.55699999999996
354,2013-09-12,392,20,1,-77.0,876.0,402.58399999999995
355,2013-09-13,393,21,1,-76.0,877.0,403.611
356,2013-09-14,394,21,1,-79.0,878.0,404.638
357,2013-09-15,395,22,1,-77.0,878.0,405.66499999999996
358,2013-09-16,396,22,1,-78.0,879.0,406.69199999999995
359,2013-09-18,397,23,1,-75.0,880.0,407.71899999999994
360,2013-09-19,398,23,1,-79.0,880.0,408.746
361,2013-09-20,399,24,1,-79.0,881.0,409.77299999999997
363,2013-09-21,400,24,1,-79.0,881.0,410.79999999999995
362,2013-09-22,401,25,1,-79.0,882.0,411.82699999999994
365,2013-09-23,402,25,1,-78.0,883.0,412.854
364,2013-09-24,403,25,1,-80.0,883.0,413.881
367,2013-09-25,404,26,1,-78.0,884.0,414.90799999999996
366,2013-09-26,405,26,1,-82.0,885.0,415.93499999999995
374,2013-09-27,406,27,1,-81.0,886.0,416.962
370,2013-09-28,407,27,1,-81.0,887.0,417.989
369,2013-09-29,408,28,1,-80.0,887.0,419.01599999999996
368,2013-09-30,409,28,1,-81.0,887.0,420.04299999999995
373,2013-10-01,410,29,1,-81.0,888.0,421.06999999999994
372,2013-10-02,411,29,1,-82.0,887.0,422.097
371,2013-10-03,412,30,2,-80.0,888.0,423.12399999999997
376,2013-10-04,413,30,2,-82.0,888.0,424.15099999999995
375,2013-10-05,414,31,2,-79.0,889.0,425.17799999999994
377,2013-10-06,415,31,2,-82.0,890.0,426.205
378,2013-10-07,416,32,2,-79.0,889.0,427.23199999999997
379,2013-10-08,417,32,2,-82.0,890.0,428.25899999999996
380,2013-10-09,418,33,2,-79.0,891.0,429.28599999999994
381,2013-10-10,419,33,2,-82.0,891.0,430.313
385,2013-10-11,420,33,2,-80.0,892.0,431.34
382,2013-10-12,421,34,2,-81.0,890.0,432.36699999999996
384,2013-10-13,422,34,2,-82.0,891.0,433.39399999999995
383,2013-10-14,423,35,2,-81.0,892.0,434.42099999999994
386,2013-10-15,424,35,2,-81.0,893.0,435.448
393,2013-10-16,425,36,2,-81.0,893.0,436.47499999999997
388,2013-10-17,426,36,2,-79.0,893.0,437.50199999999995
392,2013-10-18,427,37,2,-81.0,893.0,438.52899999999994
391,2013-10-19,428,37,2,-81.0,894.0,439.556
387,2013-10-20,429,38,2,-82.0,895.0,440.58299999999997
390,2013-10-21,430,38,2,-82.0,896.0,441.60999999999996
389,2013-10-22,431,39,2,-83.0,895.0,442.63699999999994
395,2013-10-23,432,39,2,-80.0,896.0,443.664
394,2013-10-24,433,40,2,-81.0,895.0,444.691
397,2013-10-26,434,40,2,-80.0,896.0,445.71799999999996
396,2013-10-27,435,40,2,-81.0,896.0,446.74499999999995
398,2013-10-28,436,41,2,-81.0,897.0,447.77199999999993
399,2013-10-29,437,41,2,-82.0,898.0,448.799
400,2013-10-30,438,42,2,-79.0,899.0,449.82599999999996
401,2013-10-31,439,42,2,-80.0,899.0,450.85299999999995
404,2013-11-01,440,43,2,-80.0,899.0,451.87999999999994
402,2013-11-02,441,43,2,-81.0,900.0,452.907
405,2013-11-03,442,44,2,-80.0,900.0,453.93399999999997
403,2013-11-04,443,44,2,-81.0,901.0,454.96099999999996
407,2013-11-16,455,50,2,-84.0,905.0,467.28499999999997
406,2013-11-17,456,50,2,-83.0,905.0,468.31199999999995
409,2013-11-24,463,53,2,-86.0,906.0,475.501
410,2013-11-25,464,54,2,-84.0,906.0,476.52799999999996
412,2013-11-26,465,54,2,-85.0,906.0,477.55499999999995
415,2013-11-27,466,55,2,-85.0,907.0,478.58199999999994
411,2013-11-28,467,55,2,-84.0,907.0,479.609
414,2013-11-29,468,55,2,-85.0,907.0,480.63599999999997
413,2013-11-30,469,56,2,-85.0,908.0,481.66299999999995
475,2013-12-02,470,56,2,-85.0,907.0,482.68999999999994
479,2013-12-03,471,57,2,-84.0,906.0,483.717
416,2013-12-04,472,57,2,-84.0,907.0,484.74399999999997
417,2013-12-05,473,58,2,-86.0,907.0,485.77099999999996
420,2013-12-06,474,58,2,-84.0,906.0,486.79799999999994
419,2013-12-07,475,59,2,-85.0,906.0,487.82499999999993
418,2013-12-08,476,59,2,-85.0,906.0,488.852
421,2013-12-09,477,60,3,-85.0,907.0,489.87899999999996
422,2013-12-18,486,64,3,-84.0,904.0,499.12199999999996
473,2013-12-19,487,64,3,-85.0,904.0,500.14899999999994
480,2013-12-20,488,64,3,-87.0,903.0,501.17599999999993
423,2013-12-21,489,65,3,-85.0,904.0,502.203
434,2013-12-22,490,65,3,-87.0,903.0,503.22999999999996
433,2013-12-23,491,66,3,-86.0,903.0,504.25699999999995
427,2013-12-24,492,66,3,-86.0,903.0,505.28399999999993
426,2013-12-25,493,67,3,-84.0,902.0,506.311
429,2013-12-26,494,67,3,-85.0,902.0,507.33799999999997
431,2013-12-27,495,68,3,-86.0,900.0,508.36499999999995
428,2013-12-28,496,68,3,-85.0,901.0,509.39199999999994
425,2013-12-29,497,69,3,-86.0,901.0,510.419
424,2013-12-30,498,69,3,-86.0,901.0,511.44599999999997
432,2013-12-31,499,69,3,-84.0,899.0,512.473
430,2014-01-01,500,70,3,-85.0,897.0,513.5
435,2014-01-02,501,70,3,-86.0,898.0,514.5269999999999
437,2014-01-03,502,71,3,-87.0,898.0,515.554
483,2014-01-04,503,71,3,-86.0,897.0,516.5809999999999
436,2014-01-05,504,72,3,-85.0,895.0,517.608
438,2014-01-06,505,72,3,-85.0,895.0,518.635
439,2014-01-08,506,73,3,-86.0,894.0,519.6619999999999
440,2014-01-09,507,73,3,-85.0,894.0,520.689
442,2014-01-10,508,73,3,-83.0,893.0,521.716
443,2014-01-11,509,74,3,-86.0,895.0,522.7429999999999
441,2014-01-12,510,74,3,-85.0,892.0,523.77
446,2014-01-13,511,75,3,-85.0,892.0,524.7969999999999
444,2014-01-14,512,75,3,-86.0,890.0,525.824
445,2014-01-15,513,76,3,-86.0,889.0,526.851
447,2014-01-16,514,76,3,-86.0,888.0,527.8779999999999
450,2014-01-17,515,77,3,-86.0,888.0,528.905
449,2014-01-18,516,77,3,-86.0,888.0,529.9319999999999
448,2014-01-19,517,77,3,-86.0,885.0,530.959
451,2014-01-20,518,78,3,-85.0,885.0,531.986
452,2014-01-21,519,78,3,-86.0,884.0,533.0129999999999
453,2014-01-22,520,79,3,-86.0,884.0,534.04
454,2014-01-23,521,79,3,-87.0,882.0,535.067
455,2014-01-24,522,80,3,-85.0,881.0,536.0939999999999
458,2014-01-25,523,80,3,-85.0,881.0,537.121
457,2014-01-26,524,81,3,-85.0,880.0,538.1479999999999
456,2014-01-27,525,81,3,-87.0,878.0,539.175
459,2014-01-28,526,82,3,-87.0,878.0,540.202
460,2014-01-29,527,82,3,-86.0,877.0,541.2289999999999
461,2014-01-30,528,82,3,-86.0,876.0,542.256
462,2014-01-31,529,83,3,-87.0,875.0,543.2829999999999
463,2014-02-01,530,83,3,-87.0,873.0,544.31
465,2014-02-02,531,84,3,-87.0,872.0,545.337
464,2014-02-03,532,84,3,-88.0,872.0,546.3639999999999
466,2014-02-04,533,85,3,-87.0,871.0,547.391
467,2014-02-05,534,85,3,-86.0,869.0,548.418
468,2014-02-06,535,86,3,-88.0,868.0,549.4449999999999
470,2014-02-07,536,86,3,-83.0,867.0,550.472
469,2014-02-08,537,86,3,-83.0,865.0,551.4989999999999
472,2014-02-09,538,87,3,-85.0,865.0,552.526
476,2014-02-10,539,87,3,-85.0,864.0,553.553
481,2014-02-11,540,88,3,-84.0,862.0,554.5799999999999
482,2014-02-12,541,88,3,-84.0,861.0,555.607
477,2014-02-13,542,89,3,-85.0,859.0,556.6339999999999
486,2014-02-15,543,89,3,-84.0,858.0,557.661
487,2014-02-16,544,90,4,-86.0,857.0,558.688
490,2014-02-17,545,90,4,-85.0,856.0,559.7149999999999
489,2014-02-18,546,91,4,-85.0,855.0,560.742
488,2014-02-19,547,91,4,-85.0,853.0,561.769
491,2014-02-20,548,91,4,-86.0,852.0,562.7959999999999
492,2014-02-21,549,92,4,-87.0,851.0,563.823
494,2014-02-22,550,92,4,-85.0,850.0,564.8499999999999
495,2014-02-23,551,93,4,-85.0,848.0,565.877
493,2014-02-24,552,93,4,-86.0,847.0,566.904
496,2014-02-25,553,94,4,-84.0,845.0,567.9309999999999
497,2014-02-26,554,94,4,-84.0,843.0,568.958
499,2014-02-27,555,95,4,-85.0,843.0,569.9849999999999
501,2014-02-28,556,95,4,-85.0,842.0,571.012
498,2014-03-01,557,96,4,-85.0,840.0,572.039
500,2014-03-02,558,96,4,-85.0,839.0,573.0659999999999
502,2014-03-03,559,96,4,-85.0,838.0,574.093
503,2014-03-04,560,97,4,-86.0,836.0,575.12
504,2014-03-05,561,97,4,-85.0,835.0,576.1469999999999
506,2014-03-06,562,98,4,-85.0,834.0,577.174
505,2014-03-07,563,98,4,-87.0,833.0,578.2009999999999
509,2014-03-08,564,99,4,-86.0,831.0,579.228
508,2014-03-09,565,99,4,-85.0,830.0,580.255
507,2014-03-10,566,100,4,-86.0,829.0,581.2819999999999
510,2014-03-11,567,100,4,-86.0,827.0,582.309
511,2014-03-12,568,101,4,-86.0,825.0,583.3359999999999
512,2014-03-13,569,101,4,-85.0,825.0,584.3629999999999
513,2014-03-14,570,102,4,-84.0,823.0,585.39
515,2014-03-15,571,102,4,-84.0,821.0,586.4169999999999
514,2014-03-16,572,102,4,-85.0,820.0,587.444
516,2014-03-17,573,103,4,-84.0,819.0,588.471
517,2014-03-18,574,103,4,-85.0,817.0,589.4979999999999
518,2014-03-19,575,104,4,-82.0,816.0,590.525
520,2014-03-20,576,104,4,-84.0,815.0,591.5519999999999
519,2014-03-21,577,105,4,-84.0,813.0,592.579
521,2014-03-22,578,105,4,-83.0,812.0,593.606
522,2014-03-24,579,106,4,-82.0,811.0,594.6329999999999
523,2014-03-25,580,106,4,-83.0,810.0,595.66
524,2014-03-26,581,107,4,-84.0,808.0,596.6869999999999
525,2014-03-27,582,107,4,-84.0,807.0,597.7139999999999
526,2014-03-28,583,108,4,-82.0,806.0,598.741
528,2014-03-29,584,108,4,-82.0,804.0,599.7679999999999
527,2014-03-30,585,109,4,-83.0,802.0,600.795
529,2014-03-31,586,109,4,-82.0,802.0,601.822
530,2014-04-01,587,109,4,-85.0,801.0,602.8489999999999
532,2014-04-02,588,110,4,-84.0,799.0,603.876
531,2014-04-03,589,110,4,-85.0,798.0,604.9029999999999
535,2014-04-04,590,111,4,-82.0,797.0,605.93
533,2014-04-05,591,111,4,-82.0,795.0,606.957
534,2014-04-06,592,112,4,-83.0,795.0,607.9839999999999
536,2014-04-07,593,112,4,-83.0,795.0,609.011
537,2014-04-08,594,113,4,-83.0,793.0,610.0379999999999
538,2014-04-09,595,113,4,-83.0,792.0,611.0649999999999
539,2014-04-10,596,114,4,-82.0,791.0,612.092
540,2014-04-11,597,114,4,-84.0,790.0,613.1189999999999
542,2014-04-12,598,115,4,-84.0,787.0,614.146
543,2014-04-13,599,115,4,-84.0,788.0,615.173
541,2014-04-14,600,116,4,-81.0,787.0,616.1999999999999
544,2014-04-15,601,116,4,-82.0,785.0,617.227
545,2014-04-16,602,117,4,-82.0,784.0,618.2539999999999
548,2014-04-17,603,117,4,-83.0,783.0,619.281
546,2014-04-18,604,118,4,-84.0,782.0,620.308
547,2014-04-19,605,118,4,-83.0,781.0,621.3349999999999
549,2014-04-20,606,118,4,-84.0,780.0,622.362
550,2014-04-21,607,119,4,-83.0,779.0,623.3889999999999
551,2014-04-22,608,119,4,-85.0,777.0,624.4159999999999
552,2014-04-23,609,120,5,-84.0,777.0,625.443
554,2014-04-24,610,120,5,-85.0,776.0,626.4699999999999
555,2014-04-25,611,121,5,-84.0,775.0,627.497
553,2014-04-26,612,121,5,-85.0,774.0,628.524
556,2014-04-27,613,122,5,-84.0,773.0,629.5509999999999
557,2014-04-28,614,122,5,-82.0,772.0,630.578
558,2014-04-29,615,123,5,-83.0,771.0,631.6049999999999
559,2014-05-01,616,123,5,-82.0,769.0,632.632
561,2014-05-02,617,124,5,-84.0,769.0,633.659
562,2014-05-03,618,124,5,-83.0,769.0,634.6859999999999
560,2014-05-04,619,125,5,-82.0,766.0,635.713
563,2014-05-05,620,125,5,-83.0,765.0,636.7399999999999
564,2014-05-06,621,126,5,-82.0,765.0,637.7669999999999
565,2014-05-07,622,126,5,-84.0,763.0,638.794
566,2014-05-08,623,127,5,-83.0,763.0,639.8209999999999
568,2014-05-09,624,127,5,-82.0,762.0,640.848
569,2014-05-10,625,128,5,-81.0,761.0,641.875
567,2014-05-11,626,128,5,-82.0,760.0,642.9019999999999
570,2014-05-12,627,129,5,-82.0,759.0,643.929
571,2014-05-13,628,129,5,-81.0,759.0,644.9559999999999
572,2014-05-14,629,130,5,-84.0,759.0,645.983
573,2014-05-15,630,130,5,-82.0,757.0,647.01
576,2014-05-16,631,131,5,-81.0,756.0,648.0369999999999
575,2014-05-17,632,131,5,-79.0,755.0,649.064
574,2014-05-18,633,132,5,-81.0,754.0,650.0909999999999
577,2014-05-19,634,132,5,-82.0,753.0,651.1179999999999
578,2014-05-20,635,133,5,-82.0,754.0,652.145
582,2014-05-21,636,133,5,-81.0,752.0,653.1719999999999
580,2014-05-22,637,134,5,-80.0,752.0,654.199
579,2014-05-23,638,134,5,-80.0,751.0,655.226
581,2014-05-24,639,135,5,-80.0,750.0,656.2529999999999
583,2014-05-25,640,135,5,-81.0,750.0,657.28
584,2014-05-26,641,136,5,-81.0,749.0,658.3069999999999
585,2014-05-27,642,136,5,-80.0,749.0,659.334
586,2014-05-28,643,137,5,-80.0,748.0,660.361
588,2014-05-29,644,137,5,-80.0,748.0,661.3879999999999
589,2014-05-30,645,138,5,-81.0,746.0,662.415
587,2014-05-31,646,138,5,-81.0,746.0,663.4419999999999
590,2014-06-01,647,139,5,-79.0,746.0,664.4689999999999
591,2014-06-02,648,139,5,-80.0,746.0,665.496
592,2014-06-03,649,140,5,-79.0,745.0,666.5229999999999
593,2014-06-04,650,140,5,-80.0,743.0,667.55
595,2014-06-05,651,141,5,-80.0,743.0,668.577
594,2014-06-07,652,141,5,-79.0,745.0,669.6039999999999
596,2014-06-08,653,142,5,-80.0,744.0,670.631
597,2014-06-09,654,142,5,-79.0,742.0,671.6579999999999
598,2014-06-10,655,143,5,-77.0,741.0,672.685
599,2014-06-11,656,143,5,-80.0,740.0,673.712
600,2014-06-12,657,144,5,-79.0,739.0,674.7389999999999
602,2014-06-13,658,144,5,-79.0,739.0,675.766
603,2014-06-14,659,145,5,-77.0,738.0,676.7929999999999
601,2014-06-15,660,145,5,-78.0,735.0,677.8199999999999
604,2014-06-16,661,146,5,-76.0,735.0,678.847
605,2014-06-17,662,146,5,-77.0,735.0,679.8739999999999
609,2014-06-18,663,147,5,-77.0,734.0,680.901
607,2014-06-19,664,147,5,-78.0,732.0,681.928
610,2014-06-20,665,148,5,-78.0,735.0,682.9549999999999
608,2014-06-21,666,148,5,-77.0,736.0,683.982
606,2014-06-22,667,149,5,-76.0,736.0,685.0089999999999
611,2014-06-23,668,150,6,-75.0,734.0,686.036
613,2014-06-24,669,150,6,-84.0,735.0,687.063
612,2014-06-25,670,151,6,-79.0,737.0,688.0899999999999
614,2014-06-26,671,151,6,-79.0,740.0,689.117
615,2014-06-27,672,152,6,-78.0,739.0,690.1439999999999
616,2014-06-28,673,152,6,-78.0,738.0,691.1709999999999
617,2014-06-29,674,153,6,-80.0,739.0,692.198
618,2014-06-30,675,153,6,-80.0,740.0,693.2249999999999
619,2014-07-01,676,154,6,-80.0,738.0,694.252
622,2014-07-02,677,154,6,-78.0,737.0,695.279
621,2014-07-03,678,155,6,-77.0,739.0,696.3059999999999
624,2014-07-04,679,155,6,-77.0,738.0,697.333
620,2014-07-05,680,156,6,-76.0,740.0,698.3599999999999
623,2014-07-06,681,156,6,-79.0,738.0,699.387
625,2014-07-07,682,157,6,-77.0,739.0,700.414
626,2014-07-08,683,158,6,-79.0,741.0,701.4409999999999
627,2014-07-09,684,158,6,-75.0,741.0,702.468
628,2014-07-10,685,159,6,-77.0,740.0,703.4949999999999
629,2014-07-11,686,159,6,-76.0,738.0,704.5219999999999
630,2014-07-12,687,160,6,-77.0,739.0,705.549
631,2014-07-14,688,160,6,-77.0,741.0,706.5759999999999
632,2014-07-15,689,161,6,-76.0,742.0,707.603
633,2014-07-16,690,161,6,-77.0,741.0,708.63
634,2014-07-17,691,162,6,-76.0,741.0,709.6569999999999
637,2014-07-18,692,162,6,-76.0,742.0,710.684
636,2014-07-19,693,163,6,-76.0,741.0,711.7109999999999
635,2014-07-20,694,164,6,-75.0,740.0,712.7379999999999
638,2014-07-21,695,164,6,-76.0,741.0,713.765
639,2014-07-22,696,165,6,-75.0,743.0,714.7919999999999
640,2014-07-23,697,165,6,-74.0,743.0,715.819
641,2014-07-24,698,166,6,-77.0,743.0,716.8459999999999
642,2014-07-25,699,166,6,-76.0,744.0,717.8729999999999
643,2014-07-26,700,167,6,-75.0,745.0,718.9
644,2014-07-27,701,167,6,-77.0,745.0,719.9269999999999
645,2014-07-28,702,168,6,-76.0,745.0,720.954
646,2014-07-29,703,169,6,-75.0,747.0,721.981
647,2014-07-30,704,169,6,-75.0,747.0,723.0079999999999
648,2014-07-31,705,170,6,-76.0,746.0,724.035
650,2014-08-01,706,170,6,-76.0,748.0,725.0619999999999
651,2014-08-02,707,171,6,-76.0,749.0,726.0889999999999
649,2014-08-03,708,171,6,-76.0,749.0,727.116
652,2014-08-04,709,172,6,-73.0,750.0,728.1429999999999
653,2014-08-05,710,172,6,-77.0,751.0,729.17
654,2014-08-06,711,173,6,-75.0,751.0,730.1969999999999
658,2014-08-07,712,174,6,-77.0,752.0,731.2239999999999
656,2014-08-08,713,174,6,-76.0,754.0,732.251
655,2014-08-09,714,175,6,-76.0,754.0,733.2779999999999
657,2014-08-10,715,175,6,-73.0,755.0,734.305
659,2014-08-11,716,176,6,-75.0,755.0,735.332
661,2014-08-12,717,176,6,-76.0,756.0,736.3589999999999
660,2014-08-13,718,177,6,-77.0,757.0,737.386
662,2014-08-14,719,178,6,-77.0,758.0,738.4129999999999
663,2014-08-15,720,178,6,-74.0,760.0,739.4399999999999
664,2014-08-16,721,179,6,-73.0,761.0,740.467
665,2014-08-17,722,179,6,-74.0,760.0,741.4939999999999
666,2014-08-18,723,180,7,-73.0,761.0,742.521
667,2014-08-19,724,181,7,-74.0,763.0,743.5479999999999
669,2014-08-21,725,181,7,-73.0,764.0,744.5749999999999
668,2014-08-22,726,182,7,-75.0,766.0,745.602
671,2014-08-23,727,182,7,-76.0,766.0,746.6289999999999
670,2014-08-24,728,183,7,-74.0,766.0,747.656
672,2014-08-25,729,183,7,-75.0,768.0,748.683
676,2014-08-26,730,184,7,-76.0,770.0,749.7099999999999
673,2014-08-27,731,185,7,-75.0,771.0,750.737
677,2014-08-28,732,185,7,-75.0,773.0,751.7639999999999
674,2014-08-29,733,186,7,-74.0,773.0,752.7909999999999
675,2014-08-30,734,186,7,-73.0,776.0,753.818
678,2014-08-31,735,187,7,-73.0,776.0,754.8449999999999
679,2014-09-01,736,188,7,-76.0,776.0,755.872
680,2014-09-02,737,188,7,-74.0,777.0,756.8989999999999
681,2014-09-03,738,189,7,-75.0,778.0,757.9259999999999
682,2014-09-04,739,189,7,-77.0,779.0,758.953
685,2014-09-05,740,190,7,-76.0,782.0,759.9799999999999
683,2014-09-06,741,191,7,-70.0,784.0,761.007
684,2014-09-07,742,191,7,-72.0,784.0,762.034
686,2014-09-08,743,192,7,-72.0,786.0,763.0609999999999
687,2014-09-09,744,192,7,-75.0,786.0,764.088
689,2014-09-10,745,193,7,-74.0,787.0,765.1149999999999
688,2014-09-11,746,194,7,-76.0,788.0,766.1419999999999
691,2014-09-12,747,194,7,-73.0,789.0,767.169
690,2014-09-13,748,195,7,-71.0,791.0,768.1959999999999
692,2014-09-14,749,195,7,-73.0,794.0,769.223
693,2014-09-15,750,196,7,-72.0,796.0,770.2499999999999
695,2014-09-16,751,197,7,-72.0,797.0,771.2769999999999
694,2014-09-17,752,197,7,-71.0,798.0,772.304
698,2014-09-18,753,198,7,-73.0,800.0,773.3309999999999
696,2014-09-19,754,198,7,-73.0,802.0,774.358
697,2014-09-20,755,199,7,-74.0,806.0,775.385
699,2014-09-21,756,200,7,-73.0,806.0,776.4119999999999
700,2014-09-22,757,200,7,-73.0,807.0,777.439
701,2014-09-23,758,201,7,-71.0,810.0,778.4659999999999
702,2014-09-24,759,201,7,-77.0,809.0,779.4929999999999
704,2014-09-25,760,202,7,-70.0,810.0,780.52
705,2014-09-27,761,203,7,-72.0,814.0,781.5469999999999
703,2014-09-28,762,203,7,-75.0,814.0,782.574
706,2014-09-29,763,204,7,-78.0,817.0,783.6009999999999
707,2014-09-30,764,205,7,-73.0,821.0,784.6279999999999
708,2014-10-01,765,205,7,-73.0,820.0,785.655
709,2014-10-02,766,206,7,-70.0,824.0,786.6819999999999
710,2014-10-03,767,206,7,-71.0,824.0,787.709
712,2014-10-04,768,207,7,-73.0,826.0,788.7359999999999
711,2014-10-05,769,208,7,-73.0,829.0,789.7629999999999
713,2014-10-06,770,208,7,-70.0,829.0,790.79
714,2014-10-07,771,209,7,-71.0,836.0,791.8169999999999
715,2014-10-08,772,210,8,-71.0,835.0,792.8439999999999
716,2014-10-09,773,210,8,-70.0,838.0,793.871
719,2014-10-10,774,211,8,-73.0,838.0,794.8979999999999
717,2014-10-11,775,211,8,-71.0,838.0,795.925
718,2014-10-12,776,212,8,-72.0,841.0,796.9519999999999
720,2014-10-13,777,213,8,-72.0,841.0,797.9789999999999
721,2014-10-14,778,213,8,-70.0,846.0,799.006
722,2014-10-15,779,214,8,-71.0,845.0,800.0329999999999
723,2014-10-16,780,215,8,-72.0,852.0,801.06
725,2014-10-17,781,215,8,-74.0,849.0,802.0869999999999
724,2014-10-18,782,216,8,-71.0,854.0,803.1139999999999
727,2014-10-19,783,216,8,-69.0,853.0,804.141
726,2014-10-20,784,217,8,-69.0,857.0,805.1679999999999
728,2014-10-21,785,218,8,-74.0,858.0,806.1949999999999
729,2014-10-22,786,218,8,-74.0,861.0,807.222
732,2014-10-23,787,219,8,-73.0,860.0,808.2489999999999
731,2014-10-24,788,220,8,-68.0,862.0,809.276
730,2014-10-25,789,220,8,-68.0,862.0,810.3029999999999
733,2014-10-26,790,221,8,-68.0,864.0,811.3299999999999
734,2014-10-27,791,222,8,-70.0,867.0,812.357
735,2014-10-28,792,222,8,-71.0,873.0,813.3839999999999
736,2014-10-29,793,223,8,-71.0,877.0,814.411
739,2014-10-30,794,223,8,-68.0,874.0,815.4379999999999
738,2014-10-31,795,224,8,-68.0,875.0,816.4649999999999
737,2014-11-01,796,225,8,-65.0,877.0,817.492
740,2014-11-03,797,225,8,-65.0,879.0,818.5189999999999
741,2014-11-04,798,226,8,-67.0,883.0,819.5459999999999
743,2014-11-05,799,227,8,-70.0,884.0,820.573
742,2014-11-06,800,227,8,-67.0,884.0,821.5999999999999
746,2014-11-07,801,228,8,-70.0,884.0,822.627
745,2014-11-08,802,229,8,-69.0,887.0,823.6539999999999
744,2014-11-09,803,229,8,-69.0,888.0,824.6809999999999
747,2014-11-10,804,230,8,-73.0,891.0,825.708
748,2014-11-11,805,231,8,-70.0,893.0,826.7349999999999
750,2014-11-12,806,231,8,-69.0,893.0,827.762
749,2014-11-13,807,232,8,-71.0,892.0,828.7889999999999
752,2014-11-14,808,232,8,-67.0,893.0,829.8159999999999
753,2014-11-15,809,233,8,-70.0,895.0,830.843
751,2014-11-16,810,234,8,-69.0,897.0,831.8699999999999
754,2014-11-17,811,234,8,-71.0,900.0,832.8969999999999
755,2014-11-18,812,235,8,-75.0,902.0,833.924
756,2014-11-19,813,236,8,-67.0,904.0,834.9509999999999
757,2014-11-20,814,236,8,-68.0,902.0,835.978
759,2014-11-21,815,237,8,-69.0,905.0,837.0049999999999
758,2014-11-22,816,238,8,-74.0,909.0,838.0319999999999
761,2014-11-23,817,238,8,-69.0,913.0,839.059
760,2014-11-24,818,239,8,-68.0,914.0,840.0859999999999
763,2014-11-25,819,240,9,-71.0,913.0,841.1129999999999
765,2014-11-26,820,240,9,-68.0,910.0,842.1399999999999
762,2014-11-27,821,241,9,-68.0,910.0,843.1669999999999
764,2014-11-28,822,242,9,-71.0,911.0,844.194
766,2014-11-29,823,242,9,-69.0,912.0,845.2209999999999
768,2014-11-30,824,243,9,-67.0,914.0,846.2479999999999
767,2014-12-01,825,243,9,-67.0,914.0,847.275
770,2014-12-02,826,244,9,-68.0,914.0,848.3019999999999
769,2014-12-03,827,245,9,-68.0,911.0,849.329
771,2014-12-04,828,245,9,-71.0,914.0,850.3559999999999
773,2014-12-05,829,246,9,-71.0,914.0,851.3829999999999
772,2014-12-06,830,247,9,-68.0,918.0,852.41
774,2014-12-07,831,247,9,-68.0,920.0,853.4369999999999
775,2014-12-08,832,248,9,-68.0,924.0,854.4639999999999
776,2014-12-09,833,249,9,-69.0,923.0,855.4909999999999
777,2014-12-11,834,249,9,-68.0,918.0,856.5179999999999
780,2014-12-12,835,250,9,-69.0,917.0,857.545
778,2014-12-13,836,251,9,-69.0,916.0,858.5719999999999
779,2014-12-14,837,251,9,-69.0,916.0,859.5989999999999
782,2014-12-15,838,252,9,-69.0,917.0,860.626
781,2014-12-16,839,253,9,-70.0,917.0,861.6529999999999
783,2014-12-17,840,253,9,-74.0,913.0,862.68
784,2014-12-18,841,254,9,-75.0,914.0,863.7069999999999
790,2014-12-19,842,255,9,-69.0,914.0,864.7339999999999
793,2014-12-20,843,255,9,-69.0,916.0,865.761
788,2014-12-21,844,256,9,-68.0,917.0,866.7879999999999
786,2014-12-22,845,257,9,-73.0,920.0,867.8149999999999
785,2014-12-23,846,257,9,-74.0,925.0,868.8419999999999
791,2014-12-24,847,258,9,-69.0,918.0,869.8689999999999
792,2014-12-25,848,258,9,-69.0,918.0,870.896
787,2014-12-26,849,259,9,-69.0,918.0,871.9229999999999
789,2014-12-27,850,260,9,-68.0,918.0,872.9499999999999
794,2014-12-28,851,260,9,-68.0,919.0,873.977
797,2014-12-29,852,261,9,-73.0,916.0,875.0039999999999
796,2014-12-30,853,262,9,-67.0,913.0,876.031
798,2014-12-31,854,262,9,-66.0,910.0,877.0579999999999
799,2015-01-01,855,263,9,-69.0,912.0,878.0849999999999
795,2015-01-02,856,264,9,-68.0,912.0,879.112
801,2015-01-03,857,264,9,-76.0,911.0,880.1389999999999
800,2015-01-04,858,265,9,-73.0,913.0,881.1659999999999
802,2015-01-05,859,266,9,-72.0,915.0,882.1929999999999
803,2015-01-06,860,266,9,-69.0,916.0,883.2199999999999
804,2015-01-07,861,267,9,-70.0,917.0,884.247
807,2015-01-08,862,268,9,-70.0,917.0,885.2739999999999
805,2015-01-09,863,268,9,-72.0,916.0,886.3009999999999
806,2015-01-10,864,269,9,-70.0,914.0,887.328
808,2015-01-11,865,270,10,-70.0,913.0,888.3549999999999
809,2015-01-12,866,270,10,-71.0,911.0,889.382
810,2015-01-13,867,271,10,-71.0,910.0,890.4089999999999
811,2015-01-14,868,271,10,-71.0,908.0,891.4359999999999
812,2015-01-15,869,272,10,-72.0,906.0,892.463
813,2015-01-17,870,273,10,-74.0,909.0,893.4899999999999
814,2015-01-18,871,273,10,-70.0,903.0,894.5169999999999
815,2015-01-19,872,274,10,-72.0,902.0,895.5439999999999
817,2015-01-28,881,280,10,-73.0,899.0,904.7869999999999
818,2015-01-29,882,280,10,-76.0,901.0,905.814
820,2015-01-30,883,281,10,-74.0,897.0,906.8409999999999
821,2015-01-31,884,282,10,-71.0,897.0,907.8679999999999
819,2015-02-01,885,282,10,-71.0,895.0,908.8949999999999
823,2015-02-02,886,283,10,-73.0,894.0,909.9219999999999
822,2015-02-03,887,284,10,-73.0,897.0,910.949
824,2015-02-04,888,284,10,-70.0,896.0,911.9759999999999
825,2015-02-05,889,285,10,-70.0,895.0,913.0029999999999
826,2015-02-06,890,286,10,-72.0,892.0,914.03
827,2015-02-07,891,286,10,-72.0,892.0,915.0569999999999
828,2015-02-08,892,287,10,-71.0,892.0,916.084
829,2015-02-09,893,287,10,-72.0,890.0,917.1109999999999
830,2015-02-10,894,288,10,-75.0,891.0,918.1379999999999
831,2015-02-11,895,289,10,-72.0,889.0,919.165
833,2015-02-12,896,289,10,-70.0,888.0,920.1919999999999
832,2015-02-13,897,290,10,-72.0,884.0,921.2189999999999
834,2015-02-14,898,291,10,-72.0,883.0,922.2459999999999
835,2015-02-15,899,291,10,-75.0,881.0,923.2729999999999
836,2015-02-16,900,292,10,-70.0,883.0,924.3
837,2015-02-17,901,292,10,-71.0,885.0,925.3269999999999
838,2015-02-18,902,293,10,-68.0,883.0,926.3539999999999
839,2015-02-19,903,294,10,-71.0,882.0,927.381
841,2015-02-20,904,294,10,-71.0,878.0,928.4079999999999
840,2015-02-21,905,295,10,-71.0,880.0,929.435
843,2015-02-22,906,296,10,-76.0,878.0,930.4619999999999
842,2015-02-24,907,296,10,-75.0,879.0,931.4889999999999
844,2015-02-25,908,297,10,-71.0,883.0,932.516
845,2015-02-26,909,297,10,-70.0,878.0,933.5429999999999
847,2015-02-27,910,298,10,-73.0,878.0,934.5699999999999
846,2015-02-28,911,299,10,-70.0,874.0,935.5969999999999
849,2015-03-01,912,299,10,-75.0,875.0,936.6239999999999
848,2015-03-02,913,300,11,-71.0,871.0,937.651
850,2015-03-03,914,300,11,-71.0,874.0,938.6779999999999
851,2015-03-04,915,301,11,-71.0,878.0,939.7049999999999
852,2015-03-05,916,302,11,-71.0,872.0,940.732
854,2015-03-06,917,302,11,-76.0,871.0,941.7589999999999
853,2015-03-07,918,303,11,-71.0,867.0,942.786
855,2015-03-08,919,304,11,-74.0,870.0,943.8129999999999
856,2015-03-09,920,304,11,-72.0,868.0,944.8399999999999
857,2015-03-10,921,305,11,-70.0,867.0,945.867
858,2015-03-11,922,305,11,-73.0,870.0,946.8939999999999
859,2015-03-12,923,306,11,-72.0,867.0,947.9209999999999
861,2015-03-13,924,307,11,-74.0,867.0,948.9479999999999
860,2015-03-14,925,307,11,-71.0,862.0,949.9749999999999
862,2015-03-15,926,308,11,-76.0,864.0,951.002
863,2015-03-16,927,308,11,-76.0,862.0,952.0289999999999
864,2015-03-17,928,309,11,-72.0,862.0,953.0559999999999
865,2015-03-18,929,310,11,-75.0,866.0,954.083
868,2015-03-19,930,310,11,-75.0,865.0,955.1099999999999
867,2015-03-20,931,311,11,-69.0,864.0,956.137
866,2015-03-21,932,311,11,-71.0,859.0,957.1639999999999
869,2015-03-22,933,312,11,-71.0,863.0,958.1909999999999
870,2015-03-23,934,313,11,-73.0,858.0,959.218
872,2015-03-24,935,313,11,-75.0,862.0,960.2449999999999
871,2015-03-25,936,314,11,-72.0,865.0,961.2719999999999
874,2015-03-26,937,314,11,-73.0,863.0,962.2989999999999
876,2015-03-29,940,316,11,-73.0,861.0,965.3799999999999
875,2015-03-30,941,317,11,-74.0,857.0,966.4069999999999
880,2015-03-31,942,317,11,-74.0,857.0,967.434
877,2015-04-02,943,318,11,-73.0,854.0,968.4609999999999
878,2015-04-03,944,318,11,-70.0,852.0,969.4879999999999
881,2015-04-04,945,319,11,-72.0,851.0,970.5149999999999
879,2015-04-05,946,320,11,-77.0,850.0,971.5419999999999
882,2015-04-06,947,320,11,-70.0,853.0,972.569
883,2015-04-07,948,321,11,-73.0,854.0,973.5959999999999
884,2015-04-08,949,321,11,-72.0,851.0,974.6229999999999
885,2015-04-09,950,322,11,-73.0,850.0,975.6499999999999
888,2015-04-10,951,323,11,-75.0,849.0,976.6769999999999
886,2015-04-11,952,323,11,-69.0,847.0,977.704
887,2015-04-12,953,324,11,-71.0,847.0,978.7309999999999
889,2015-04-13,954,324,11,-73.0,847.0,979.7579999999999
892,2015-04-17,958,327,11,-74.0,848.0,983.8659999999999
891,2015-04-18,959,327,11,-78.0,846.0,984.8929999999999
893,2015-04-19,960,328,11,-76.0,846.0,985.92
895,2015-04-20,961,328,11,-71.0,849.0,986.9469999999999
894,2015-04-21,962,329,11,-73.0,845.0,987.9739999999999
896,2015-04-22,963,329,11,-71.0,850.0,989.0009999999999
897,2015-04-23,964,330,12,-72.0,847.0,990.0279999999999
898,2015-04-24,965,331,12,-75.0,847.0,991.055
900,2015-04-25,966,331,12,-73.0,850.0,992.0819999999999
899,2015-04-26,967,332,12,-74.0,844.0,993.1089999999999
901,2015-04-27,968,332,12,-71.0,848.0,994.136
902,2015-04-28,969,333,12,-72.0,844.0,995.1629999999999
903,2015-04-29,970,333,12,-71.0,849.0,996.1899999999999
906,2015-04-30,971,334,12,-71.0,848.0,997.2169999999999
904,2015-05-01,972,334,12,-73.0,847.0,998.2439999999999
905,2015-05-02,973,335,12,-72.0,844.0,999.271
907,2015-05-03,974,336,12,-73.0,842.0,1000.2979999999999
908,2015-05-04,975,336,12,-73.0,843.0,1001.3249999999999
909,2015-05-05,976,337,12,-75.0,842.0,1002.3519999999999
910,2015-05-06,977,337,12,-75.0,841.0,1003.3789999999999
913,2015-05-07,978,338,12,-73.0,842.0,1004.406
912,2015-05-09,979,338,12,-79.0,841.0,1005.4329999999999
911,2015-05-10,980,339,12,-73.0,840.0,1006.4599999999999
914,2015-05-11,981,339,12,-73.0,841.0,1007.487
917,2015-05-12,982,340,12,-74.0,840.0,1008.5139999999999
916,2015-05-13,983,340,12,-76.0,840.0,1009.5409999999999
915,2015-05-14,984,341,12,-74.0,840.0,1010.5679999999999
918,2015-05-15,985,342,12,-78.0,840.0,1011.5949999999999
919,2015-05-16,986,342,12,-74.0,840.0,1012.622
920,2015-05-17,987,343,12,-74.0,839.0,1013.6489999999999
922,2015-05-18,988,343,12,-75.0,840.0,1014.6759999999999
921,2015-05-19,989,344,12,-74.0,841.0,1015.7029999999999
923,2015-05-20,990,344,12,-76.0,839.0,1016.7299999999999
926,2015-05-21,991,345,12,-73.0,840.0,1017.757
924,2015-05-22,992,345,12,-73.0,842.0,1018.7839999999999
927,2015-05-23,993,346,12,-73.0,840.0,1019.8109999999999
925,2015-05-24,994,346,12,-79.0,842.0,1020.838
929,2015-05-25,995,347,12,-74.0,842.0,1021.8649999999999
928,2015-05-26,996,348,12,-72.0,842.0,1022.8919999999999
930,2015-05-27,997,348,12,-74.0,843.0,1023.9189999999999
931,2015-05-28,998,349,12,-73.0,842.0,1024.946
932,2015-05-30,1000,350,12,-74.0,841.0,1027.0
933,2015-05-31,1001,350,12,-79.0,843.0,1028.0269999999998
936,2015-06-01,1002,351,12,-77.0,844.0,1029.0539999999999
934,2015-06-02,1003,351,12,-74.0,843.0,1030.081
935,2015-06-03,1004,352,12,-74.0,842.0,1031.108
939,2015-06-04,1005,352,12,-75.0,843.0,1032.135
941,2015-06-05,1006,353,12,-78.0,844.0,1033.1619999999998
937,2015-06-06,1007,353,12,-79.0,845.0,1034.1889999999999
940,2015-06-07,1008,354,12,-79.0,844.0,1035.216
946,2015-06-08,1009,354,12,-75.0,845.0,1036.243
947,2015-06-09,1010,355,12,-74.0,846.0,1037.27
948,2015-06-10,1011,355,12,-78.0,845.0,1038.297
949,2015-06-11,1012,356,12,-81.0,846.0,1039.3239999999998
953,2015-06-12,1013,356,12,-80.0,846.0,1040.3509999999999
950,2015-06-13,1014,357,12,-77.0,846.0,1041.378
951,2015-06-14,1015,357,12,-75.0,847.0,1042.405
952,2015-06-16,1016,358,12,-76.0,847.0,1043.432
955,2015-06-17,1017,359,12,-78.0,850.0,1044.4589999999998
956,2015-06-18,1018,359,12,-79.0,850.0,1045.4859999999999
954,2015-06-19,1019,0,1,-81.0,849.0,1046.513
938,2015-06-20,1020,0,1,-63.0,832.0,1047.54
942,2015-06-21,1021,1,1,-76.0,850.0,1048.567
944,2015-06-22,1022,1,1,-75.0,852.0,1049.5939999999998
943,2015-06-23,1023,2,1,-76.0,851.0,1050.6209999999999
945,2015-06-24,1024,2,1,-76.0,851.0,1051.648
958,2015-06-25,1025,3,1,-74.0,851.0,1052.675
957,2015-06-26,1026,3,1,-78.0,851.0,1053.702
960,2015-06-28,1028,4,1,-75.0,853.0,1055.7559999999999
959,2015-06-29,1029,5,1,-75.0,856.0,1056.783
961,2015-06-30,1030,5,1,-77.0,855.0,1057.81
963,2015-07-01,1031,6,1,-76.0,854.0,1058.837
962,2015-07-02,1032,6,1,-74.0,854.0,1059.8639999999998
965,2015-07-03,1033,7,1,-77.0,856.0,1060.8909999999998
964,2015-07-04,1034,7,1,-76.0,859.0,1061.918
966,2015-07-05,1035,8,1,-77.0,857.0,1062.945
967,2015-07-06,1036,8,1,-76.0,856.0,1063.972
968,2015-07-07,1037,9,1,-80.0,856.0,1064.9989999999998
969,2015-07-08,1038,9,1,-76.0,858.0,1066.0259999999998
970,2015-07-09,1039,10,1,-77.0,857.0,1067.0529999999999
972,2015-07-10,1040,10,1,-77.0,858.0,1068.08
971,2015-07-11,1041,11,1,-77.0,859.0,1069.107
973,2015-07-12,1042,11,1,-76.0,859.0,1070.134
974,2015-07-13,1043,12,1,-77.0,860.0,1071.1609999999998
975,2015-07-14,1044,12,1,-79.0,860.0,1072.1879999999999
978,2015-07-15,1045,13,1,-80.0,861.0,1073.215
979,2015-07-16,1046,13,1,-77.0,862.0,1074.242
977,2015-07-17,1047,14,1,-77.0,863.0,1075.269
976,2015-07-18,1048,14,1,-78.0,864.0,1076.2959999999998
980,2015-07-19,1049,15,1,-75.0,864.0,1077.3229999999999
981,2015-07-20,1050,15,1,-76.0,863.0,1078.35
983,2015-07-21,1051,16,1,-76.0,864.0,1079.377
982,2015-07-23,1052,16,1,-78.0,865.0,1080.404
984,2015-07-24,1053,17,1,-79.0,865.0,1081.4309999999998
985,2015-07-25,1054,17,1,-77.0,867.0,1082.4579999999999
987,2015-07-26,1055,17,1,-77.0,868.0,1083.485
986,2015-07-27,1056,18,1,-76.0,868.0,1084.512
988,2015-07-28,1057,18,1,-78.0,867.0,1085.539
989,2015-07-29,1058,19,1,-78.0,868.0,1086.5659999999998
990,2015-07-30,1059,19,1,-78.0,870.0,1087.5929999999998
992,2015-07-31,1060,20,1,-78.0,870.0,1088.62
993,2015-08-01,1061,20,1,-77.0,871.0,1089.647
991,2015-08-02,1062,21,1,-77.0,871.0,1090.674
994,2015-08-03,1063,21,1,-79.0,871.0,1091.7009999999998
996,2015-08-04,1064,22,1,-77.0,871.0,1092.7279999999998
995,2015-08-05,1065,22,1,-78.0,873.0,1093.7549999999999
997,2015-08-06,1066,23,1,-78.0,875.0,1094.782
998,2015-08-07,1067,23,1,-79.0,875.0,1095.809
1000,2015-08-08,1068,24,1,-76.0,874.0,1096.836
999,2015-08-09,1069,24,1,-77.0,876.0,1097.8629999999998
1001,2015-08-10,1070,25,1,-80.0,877.0,1098.8899999999999
1002,2015-08-11,1071,25,1,-78.0,878.0,1099.917
1003,2015-08-12,1072,26,1,-78.0,879.0,1100.944
1004,2015-08-13,1073,26,1,-82.0,879.0,1101.971
1005,2015-08-14,1074,27,1,-77.0,878.0,1102.9979999999998
1006,2015-08-15,1075,27,1,-77.0,879.0,1104.0249999999999
1007,2015-08-16,1076,28,1,-81.0,880.0,1105.052
1008,2015-08-17,1077,28,1,-79.0,880.0,1106.079
1009,2015-08-18,1078,29,1,-80.0,881.0,1107.106
1010,2015-08-19,1079,29,1,-80.0,882.0,1108.1329999999998
1013,2015-08-20,1080,29,1,-77.0,882.0,1109.1599999999999
1011,2015-08-21,1081,30,2,-77.0,882.0,1110.187
1012,2015-08-22,1082,30,2,-79.0,882.0,1111.214
1014,2015-08-23,1083,31,2,-80.0,883.0,1112.241
1015,2015-08-24,1084,31,2,-78.0,885.0,1113.2679999999998
1017,2015-08-25,1085,32,2,-79.0,886.0,1114.2949999999998
1016,2015-08-26,1086,32,2,-77.0,885.0,1115.322
1019,2015-08-27,1087,33,2,-78.0,885.0,1116.349
1020,2015-08-29,1088,33,2,-77.0,885.0,1117.376
1018,2015-08-30,1089,34,2,-76.0,885.0,1118.4029999999998
1021,2015-08-31,1090,34,2,-78.0,886.0,1119.4299999999998
1022,2015-09-01,1091,35,2,-77.0,886.0,1120.4569999999999
1023,2015-09-02,1092,35,2,-79.0,886.0,1121.484
1024,2015-09-03,1093,36,2,-77.0,887.0,1122.511
1026,2015-09-04,1094,36,2,-80.0,888.0,1123.538
1027,2015-09-05,1095,36,2,-79.0,888.0,1124.5649999999998
1025,2015-09-06,1096,37,2,-79.0,888.0,1125.5919999999999
1028,2015-09-07,1097,37,2,-78.0,889.0,1126.619
1029,2015-09-08,1098,38,2,-77.0,890.0,1127.646
1030,2015-09-09,1099,38,2,-78.0,891.0,1128.673
1031,2015-09-10,1100,39,2,-79.0,890.0,1129.6999999999998
1034,2015-09-11,1101,39,2,-80.0,891.0,1130.7269999999999
1032,2015-09-12,1102,40,2,-84.0,892.0,1131.754
1033,2015-09-13,1103,40,2,-81.0,893.0,1132.781
1035,2015-09-14,1104,41,2,-79.0,893.0,1133.808
1036,2015-09-15,1105,41,2,-78.0,892.0,1134.8349999999998
1037,2015-09-16,1106,42,2,-82.0,893.0,1135.8619999999999
1040,2015-09-17,1107,42,2,-79.0,893.0,1136.889
1038,2015-09-18,1108,42,2,-78.0,895.0,1137.916
1039,2015-09-19,1109,43,2,-82.0,895.0,1138.943
1041,2015-09-20,1110,43,2,-81.0,895.0,1139.9699999999998
1042,2015-09-21,1111,44,2,-79.0,896.0,1140.9969999999998
1043,2015-09-22,1112,44,2,-80.0,895.0,1142.024
1044,2015-09-23,1113,45,2,-79.0,895.0,1143.051
1045,2015-09-24,1114,45,2,-79.0,896.0,1144.078
1047,2015-09-25,1115,46,2,-80.0,897.0,1145.1049999999998
1046,2015-09-26,1116,46,2,-79.0,898.0,1146.1319999999998
1048,2015-09-27,1117,47,2,-79.0,898.0,1147.1589999999999
1049,2015-09-28,1118,47,2,-80.0,898.0,1148.186
1050,2015-09-29,1119,48,2,-81.0,899.0,1149.213
1051,2015-09-30,1120,48,2,-80.0,900.0,1150.24
1052,2015-10-01,1121,48,2,-81.0,901.0,1151.2669999999998
1053,2015-10-02,1122,49,2,-79.0,901.0,1152.2939999999999
1054,2015-10-03,1123,49,2,-79.0,900.0,1153.321
1055,2015-10-04,1124,50,2,-80.0,900.0,1154.348
1056,2015-10-06,1125,50,2,-79.0,900.0,1155.375
1057,2015-10-07,1126,51,2,-79.0,901.0,1156.4019999999998
1058,2015-10-08,1127,51,2,-80.0,901.0,1157.4289999999999
1059,2015-10-09,1128,52,2,-79.0,902.0,1158.456
1060,2015-10-10,1129,52,2,-80.0,902.0,1159.483
1061,2015-10-11,1130,53,2,-81.0,902.0,1160.51
1062,2015-10-12,1131,53,2,-81.0,902.0,1161.5369999999998
1063,2015-10-13,1132,53,2,-82.0,902.0,1162.5639999999999
1064,2015-10-14,1133,54,2,-82.0,902.0,1163.591
1065,2015-10-15,1134,54,2,-80.0,902.0,1164.618
1069,2015-10-16,1135,55,2,-81.0,901.0,1165.645
1066,2015-10-17,1136,55,2,-82.0,901.0,1166.6719999999998
1068,2015-10-18,1137,56,2,-81.0,901.0,1167.6989999999998
1067,2015-10-19,1138,56,2,-82.0,901.0,1168.7259999999999
1070,2015-10-20,1139,57,2,-80.0,901.0,1169.753
1071,2015-10-21,1140,57,2,-81.0,901.0,1170.78
1072,2015-10-22,1141,57,2,-82.0,902.0,1171.8069999999998
1073,2015-10-23,1142,58,2,-82.0,902.0,1172.8339999999998
1074,2015-10-24,1143,58,2,-82.0,901.0,1173.8609999999999
1075,2015-10-25,1144,59,2,-82.0,902.0,1174.888
1076,2015-10-26,1145,59,2,-82.0,903.0,1175.915
1077,2015-10-27,1146,60,3,-82.0,902.0,1176.942
1078,2015-10-28,1147,60,3,-80.0,901.0,1177.9689999999998
1080,2015-10-29,1148,61,3,-80.0,901.0,1178.9959999999999
1079,2015-10-30,1149,61,3,-81.0,902.0,1180.023
1081,2015-10-31,1150,62,3,-82.0,902.0,1181.05
1082,2015-11-01,1151,62,3,-82.0,901.0,1182.077
1086,2015-11-02,1152,62,3,-80.0,901.0,1183.1039999999998
1083,2015-11-03,1153,63,3,-82.0,900.0,1184.1309999999999
1088,2015-11-04,1154,63,3,-84.0,900.0,1185.158
1084,2015-11-05,1155,64,3,-84.0,900.0,1186.185
1085,2015-11-06,1156,64,3,-84.0,900.0,1187.212
1087,2015-11-07,1157,65,3,-82.0,900.0,1188.2389999999998
1089,2015-11-08,1158,65,3,-82.0,898.0,1189.2659999999998
1090,2015-11-09,1159,66,3,-82.0,898.0,1190.293
1091,2015-11-10,1160,66,3,-80.0,899.0,1191.32
1092,2015-11-12,1161,66,3,-83.0,898.0,1192.347
1093,2015-11-13,1162,67,3,-84.0,897.0,1193.3739999999998
1094,2015-11-14,1163,67,3,-86.0,896.0,1194.4009999999998
1095,2015-11-15,1164,68,3,-86.0,896.0,1195.4279999999999
1096,2015-11-16,1165,68,3,-84.0,897.0,1196.455
1097,2015-11-17,1166,69,3,-84.0,895.0,1197.482
1098,2015-11-18,1167,69,3,-84.0,894.0,1198.5089999999998
1102,2015-11-19,1168,70,3,-84.0,894.0,1199.5359999999998
1100,2015-11-20,1169,70,3,-89.0,894.0,1200.5629999999999
1101,2015-11-21,1170,71,3,-85.0,893.0,1201.59
1099,2015-11-22,1171,71,3,-87.0,892.0,1202.617
1104,2015-11-23,1172,71,3,-87.0,892.0,1203.644
1103,2015-11-24,1173,72,3,-87.0,892.0,1204.6709999999998
1105,2015-11-25,1174,72,3,-85.0,891.0,1205.6979999999999
1106,2015-11-26,1175,73,3,-85.0,890.0,1206.725
1107,2015-11-27,1176,73,3,-84.0,890.0,1207.752
1108,2015-11-28,1177,74,3,-84.0,888.0,1208.779
1109,2015-11-29,1178,74,3,-86.0,888.0,1209.8059999999998
1110,2015-11-30,1179,75,3,-85.0,887.0,1210.8329999999999
1111,2015-12-01,1180,75,3,-86.0,886.0,1211.86
1112,2015-12-02,1181,75,3,-86.0,885.0,1212.887
1114,2015-12-03,1182,76,3,-85.0,884.0,1213.914
1113,2015-12-04,1183,76,3,-86.0,883.0,1214.9409999999998
1115,2015-12-05,1184,77,3,-85.0,882.0,1215.9679999999998
1116,2015-12-06,1185,77,3,-84.0,881.0,1216.995
1117,2015-12-07,1186,78,3,-86.0,881.0,1218.022
1118,2015-12-08,1187,78,3,-84.0,881.0,1219.049
1119,2015-12-09,1188,79,3,-90.0,881.0,1220.0759999999998
1120,2015-12-10,1189,79,3,-87.0,879.0,1221.1029999999998
1121,2015-12-11,1190,79,3,-87.0,877.0,1222.1299999999999
1122,2015-12-12,1191,80,3,-87.0,876.0,1223.157
1123,2015-12-13,1192,80,3,-86.0,876.0,1224.184
1124,2015-12-14,1193,81,3,-84.0,875.0,1225.2109999999998
1125,2015-12-15,1194,81,3,-84.0,873.0,1226.2379999999998
1126,2015-12-16,1195,82,3,-86.0,872.0,1227.2649999999999
1129,2015-12-17,1196,82,3,-86.0,871.0,1228.292
1127,2015-12-18,1197,83,3,-85.0,869.0,1229.319
1128,2015-12-20,1198,83,3,-86.0,868.0,1230.346
1130,2015-12-21,1199,84,3,-86.0,868.0,1231.3729999999998
1131,2015-12-22,1200,84,3,-84.0,866.0,1232.3999999999999
1132,2015-12-23,1201,84,3,-85.0,866.0,1233.427
1133,2015-12-24,1202,85,3,-85.0,864.0,1234.454
1136,2015-12-25,1203,85,3,-85.0,863.0,1235.481
1135,2015-12-26,1204,86,3,-84.0,862.0,1236.5079999999998
1134,2015-12-27,1205,86,3,-86.0,861.0,1237.5349999999999
1137,2015-12-28,1206,87,3,-85.0,859.0,1238.562
1138,2015-12-29,1207,87,3,-85.0,858.0,1239.589
1139,2015-12-30,1208,88,3,-85.0,857.0,1240.616
1141,2015-12-31,1209,88,3,-85.0,855.0,1241.6429999999998
1140,2016-01-01,1210,88,3,-85.0,854.0,1242.6699999999998
1142,2016-01-02,1211,89,3,-83.0,853.0,1243.697
1143,2016-01-03,1212,89,3,-86.0,851.0,1244.724
1145,2016-01-04,1213,90,4,-84.0,851.0,1245.751
1144,2016-01-05,1214,90,4,-85.0,849.0,1246.7779999999998
1146,2016-01-06,1215,91,4,-85.0,848.0,1247.8049999999998
1147,2016-01-07,1216,91,4,-86.0,847.0,1248.8319999999999
1148,2016-01-08,1217,92,4,-88.0,846.0,1249.859
1149,2016-01-09,1218,92,4,-86.0,845.0,1250.886
1150,2016-01-10,1219,93,4,-87.0,844.0,1251.9129999999998
1151,2016-01-11,1220,93,4,-87.0,842.0,1252.9399999999998
1152,2016-01-12,1221,93,4,-87.0,841.0,1253.9669999999999
1153,2016-01-13,1222,94,4,-87.0,840.0,1254.994
1155,2016-01-14,1223,94,4,-88.0,839.0,1256.021
1154,2016-01-15,1224,95,4,-88.0,837.0,1257.048
1156,2016-01-16,1225,95,4,-87.0,836.0,1258.0749999999998
1157,2016-01-17,1226,96,4,-87.0,835.0,1259.1019999999999
1158,2016-01-18,1227,96,4,-88.0,833.0,1260.129
1159,2016-01-19,1228,97,4,-88.0,832.0,1261.156
1160,2016-01-20,1229,97,4,-88.0,831.0,1262.183
1161,2016-01-21,1230,98,4,-88.0,830.0,1263.2099999999998
1162,2016-01-22,1231,98,4,-88.0,828.0,1264.2369999999999
1163,2016-01-23,1232,99,4,-88.0,827.0,1265.264
1164,2016-01-24,1233,99,4,-88.0,826.0,1266.291
1166,2016-01-26,1234,99,4,-88.0,824.0,1267.318
1165,2016-01-27,1235,100,4,-88.0,824.0,1268.3449999999998
1170,2016-01-28,1236,100,4,-87.0,822.0,1269.3719999999998
1169,2016-01-29,1237,101,4,-88.0,820.0,1270.399
1167,2016-01-30,1238,101,4,-87.0,819.0,1271.426
1168,2016-01-31,1239,102,4,-89.0,818.0,1272.453
1171,2016-02-01,1240,102,4,-87.0,816.0,1273.4799999999998
1172,2016-02-02,1241,103,4,-87.0,816.0,1274.5069999999998
1173,2016-02-03,1242,103,4,-87.0,815.0,1275.5339999999999
1174,2016-02-04,1243,104,4,-86.0,814.0,1276.561
1175,2016-02-05,1244,104,4,-85.0,812.0,1277.588
1176,2016-02-06,1245,105,4,-86.0,811.0,1278.6149999999998
1178,2016-02-07,1246,105,4,-85.0,810.0,1279.6419999999998
1177,2016-02-08,1247,105,4,-85.0,809.0,1280.6689999999999
1179,2016-02-09,1248,106,4,-86.0,807.0,1281.696
1180,2016-02-10,1249,106,4,-85.0,806.0,1282.723
1182,2016-02-11,1250,107,4,-85.0,804.0,1283.75
1185,2016-02-12,1251,107,4,-85.0,803.0,1284.7769999999998
1184,2016-02-13,1252,108,4,-85.0,802.0,1285.8039999999999
1181,2016-02-14,1253,108,4,-85.0,800.0,1286.831
1183,2016-02-15,1254,109,4,-84.0,799.0,1287.858
1187,2016-02-16,1255,109,4,-84.0,798.0,1288.885
1186,2016-02-17,1256,110,4,-84.0,797.0,1289.9119999999998
1188,2016-02-18,1257,110,4,-84.0,794.0,1290.9389999999999
1189,2016-02-19,1258,111,4,-83.0,794.0,1291.966
1190,2016-02-20,1259,111,4,-84.0,794.0,1292.993
1191,2016-02-21,1260,112,4,-83.0,792.0,1294.02
1192,2016-02-22,1261,112,4,-81.0,790.0,1295.0469999999998
1193,2016-02-23,1262,112,4,-81.0,790.0,1296.0739999999998
1194,2016-02-24,1263,113,4,-84.0,788.0,1297.1009999999999
1195,2016-02-25,1264,113,4,-84.0,787.0,1298.128
1197,2016-02-26,1265,114,4,-81.0,787.0,1299.155
1196,2016-02-27,1266,114,4,-82.0,787.0,1300.1819999999998
1198,2016-02-28,1267,115,4,-83.0,786.0,1301.2089999999998
1199,2016-02-29,1268,115,4,-83.0,784.0,1302.2359999999999
1201,2016-03-01,1269,116,4,-83.0,782.0,1303.263
1200,2016-03-03,1270,116,4,-82.0,782.0,1304.29
1202,2016-03-04,1271,117,4,-84.0,781.0,1305.3169999999998
1203,2016-03-05,1272,117,4,-81.0,780.0,1306.3439999999998
1204,2016-03-06,1273,118,4,-79.0,778.0,1307.3709999999999
1205,2016-03-07,1274,118,4,-82.0,777.0,1308.398
1206,2016-03-08,1275,119,4,-82.0,775.0,1309.425
1207,2016-03-09,1276,119,4,-83.0,774.0,1310.452
1208,2016-03-10,1277,120,5,-84.0,774.0,1311.4789999999998
1210,2016-03-11,1278,120,5,-83.0,773.0,1312.5059999999999
1209,2016-03-12,1279,121,5,-83.0,772.0,1313.533
1211,2016-03-13,1280,121,5,-84.0,771.0,1314.56
1212,2016-03-14,1281,122,5,-83.0,769.0,1315.587
1213,2016-03-15,1282,122,5,-81.0,768.0,1316.6139999999998
1214,2016-03-16,1283,123,5,-82.0,767.0,1317.6409999999998
1216,2016-03-17,1284,123,5,-80.0,767.0,1318.668
1217,2016-03-18,1285,123,5,-80.0,766.0,1319.695
1215,2016-03-19,1286,124,5,-80.0,765.0,1320.722
1218,2016-03-20,1287,124,5,-80.0,764.0,1321.7489999999998
1219,2016-03-21,1288,125,5,-80.0,763.0,1322.7759999999998
1220,2016-03-24,1291,126,5,-80.0,760.0,1325.857
1222,2016-03-25,1292,127,5,-81.0,760.0,1326.8839999999998
1221,2016-03-26,1293,127,5,-81.0,758.0,1327.9109999999998
1223,2016-03-27,1294,128,5,-79.0,758.0,1328.9379999999999
1224,2016-03-28,1295,128,5,-79.0,757.0,1329.965
1226,2016-03-29,1296,129,5,-79.0,756.0,1330.992
1225,2016-03-30,1297,129,5,-80.0,755.0,1332.0189999999998
1229,2016-03-31,1298,130,5,-79.0,755.0,1333.0459999999998
1228,2016-04-01,1299,130,5,-80.0,753.0,1334.0729999999999
1227,2016-04-02,1300,131,5,-79.0,752.0,1335.1
1230,2016-04-03,1301,131,5,-78.0,752.0,1336.127
1231,2016-04-04,1302,132,5,-80.0,751.0,1337.154
1232,2016-04-05,1303,132,5,-78.0,751.0,1338.1809999999998
1233,2016-04-06,1304,133,5,-80.0,750.0,1339.2079999999999
1235,2016-04-07,1305,133,5,-80.0,749.0,1340.235
1234,2016-04-08,1306,134,5,-79.0,748.0,1341.262
1236,2016-04-10,1307,134,5,-80.0,748.0,1342.289
1237,2016-04-11,1308,135,5,-81.0,748.0,1343.3159999999998
1238,2016-04-12,1309,135,5,-81.0,747.0,1344.3429999999998
1239,2016-04-13,1310,136,5,-76.0,745.0,1345.37
1240,2016-04-14,1311,136,5,-78.0,745.0,1346.397
1243,2016-04-15,1312,137,5,-77.0,745.0,1347.424
1241,2016-04-16,1313,137,5,-77.0,745.0,1348.4509999999998
1242,2016-04-17,1314,138,5,-78.0,744.0,1349.4779999999998
1244,2016-04-18,1315,138,5,-77.0,744.0,1350.5049999999999
1245,2016-04-19,1316,139,5,-80.0,744.0,1351.532
1246,2016-04-20,1317,139,5,-80.0,743.0,1352.559
1247,2016-04-21,1318,140,5,-80.0,743.0,1353.5859999999998
1248,2016-04-22,1319,140,5,-78.0,742.0,1354.6129999999998
1250,2016-04-23,1320,141,5,-77.0,741.0,1355.6399999999999
1249,2016-04-24,1321,141,5,-77.0,740.0,1356.667
1251,2016-04-25,1322,142,5,-78.0,740.0,1357.694
1252,2016-04-26,1323,142,5,-77.0,738.0,1358.7209999999998
1253,2016-04-27,1324,143,5,-78.0,738.0,1359.7479999999998
1256,2016-04-28,1325,144,5,-78.0,738.0,1360.7749999999999
1254,2016-04-29,1326,144,5,-77.0,738.0,1361.802
1255,2016-04-30,1327,145,5,-76.0,736.0,1362.829
1257,2016-05-01,1328,145,5,-77.0,735.0,1363.856
1258,2016-05-02,1329,146,5,-74.0,735.0,1364.8829999999998
1259,2016-05-03,1330,146,5,-78.0,734.0,1365.9099999999999
1260,2016-05-04,1331,147,5,-76.0,734.0,1366.937
1262,2016-05-05,1332,147,5,-78.0,734.0,1367.964
1263,2016-05-06,1333,148,5,-76.0,733.0,1368.991
1261,2016-05-07,1334,148,5,-77.0,732.0,1370.0179999999998
1264,2016-05-08,1335,149,5,-77.0,732.0,1371.0449999999998
1265,2016-05-09,1336,149,5,-75.0,732.0,1372.072
1266,2016-05-10,1337,150,6,-76.0,734.0,1373.099
1267,2016-05-11,1338,150,6,-75.0,734.0,1374.126
1268,2016-05-12,1339,151,6,-77.0,733.0,1375.1529999999998
1269,2016-05-13,1340,151,6,-76.0,734.0,1376.1799999999998
1270,2016-05-14,1341,152,6,-76.0,735.0,1377.2069999999999
1271,2016-05-15,1342,152,6,-80.0,735.0,1378.234
1272,2016-05-17,1343,153,6,-74.0,735.0,1379.261
1273,2016-05-18,1344,153,6,-75.0,734.0,1380.2879999999998
1276,2016-05-19,1345,154,6,-75.0,735.0,1381.3149999999998
1274,2016-05-20,1346,155,6,-75.0,737.0,1382.3419999999999
1277,2016-05-21,1347,155,6,-75.0,736.0,1383.369
1275,2016-05-22,1348,156,6,-76.0,735.0,1384.396
1278,2016-05-23,1349,156,6,-73.0,737.0,1385.4229999999998
1279,2016-05-24,1350,157,6,-73.0,738.0,1386.4499999999998
1280,2016-05-25,1351,157,6,-72.0,739.0,1387.4769999999999
1283,2016-05-26,1352,158,6,-73.0,736.0,1388.504
1281,2016-05-27,1353,158,6,-76.0,737.0,1389.531
1282,2016-05-28,1354,159,6,-75.0,739.0,1390.558
1284,2016-05-29,1355,159,6,-75.0,740.0,1391.5849999999998
1286,2016-05-30,1356,160,6,-74.0,739.0,1392.6119999999999
1285,2016-05-31,1357,160,6,-72.0,738.0,1393.639
1287,2016-06-01,1358,161,6,-74.0,738.0,1394.666
1288,2016-06-02,1359,162,6,-76.0,739.0,1395.693
1289,2016-06-03,1360,162,6,-76.0,739.0,1396.7199999999998
1290,2016-06-04,1361,163,6,-75.0,739.0,1397.7469999999998
1291,2016-06-05,1362,163,6,-74.0,739.0,1398.774
1292,2016-06-06,1363,164,6,-75.0,740.0,1399.801
1293,2016-06-07,1364,164,6,-74.0,740.0,1400.828
1294,2016-06-08,1365,165,6,-74.0,739.0,1401.8549999999998
1295,2016-06-09,1366,165,6,-75.0,740.0,1402.8819999999998
1296,2016-06-10,1367,166,6,-74.0,743.0,1403.9089999999999
1297,2016-06-11,1368,167,6,-74.0,743.0,1404.936
1299,2016-06-12,1369,167,6,-73.0,742.0,1405.963
1298,2016-06-13,1370,168,6,-74.0,744.0,1406.9899999999998
1301,2016-06-14,1371,168,6,-75.0,746.0,1408.0169999999998
1300,2016-06-15,1372,169,6,-74.0,745.0,1409.0439999999999
1303,2016-06-16,1373,169,6,-74.0,746.0,1410.071
1302,2016-06-17,1374,170,6,-75.0,748.0,1411.098
1304,2016-06-18,1375,170,6,-73.0,749.0,1412.1249999999998
1305,2016-06-19,1376,171,6,-75.0,749.0,1413.1519999999998
1306,2016-06-20,1377,172,6,-76.0,749.0,1414.1789999999999
1308,2016-06-21,1378,172,6,-76.0,751.0,1415.206
1307,2016-06-23,1379,173,6,-77.0,751.0,1416.233
1311,2016-06-24,1380,173,6,-74.0,751.0,1417.26
1309,2016-06-25,1381,174,6,-73.0,751.0,1418.2869999999998
1310,2016-06-26,1382,174,6,-76.0,752.0,1419.3139999999999
1312,2016-06-27,1383,175,6,-73.0,752.0,1420.341
1313,2016-06-28,1384,176,6,-74.0,753.0,1421.368
1314,2016-06-29,1385,176,6,-75.0,755.0,1422.395
1315,2016-06-30,1386,177,6,-74.0,755.0,1423.4219999999998
1316,2016-07-01,1387,177,6,-74.0,755.0,1424.4489999999998
1317,2016-07-02,1388,178,6,-73.0,756.0,1425.4759999999999
1318,2016-07-12,1398,184,7,-66.0,751.0,1435.7459999999999
1319,2016-07-13,1399,184,7,-73.0,770.0,1436.773
1322,2016-07-14,1400,185,7,-73.0,770.0,1437.8
1321,2016-07-15,1401,185,7,-73.0,770.0,1438.8269999999998
1320,2016-07-16,1402,186,7,-75.0,771.0,1439.8539999999998
1323,2016-07-17,1403,187,7,-75.0,771.0,1440.8809999999999
1324,2016-07-18,1404,187,7,-75.0,774.0,1441.908
1325,2016-07-19,1405,188,7,-75.0,775.0,1442.935
1328,2016-07-20,1406,188,7,-76.0,775.0,1443.962
1329,2016-07-21,1407,189,7,-74.0,779.0,1444.9889999999998
1327,2016-07-22,1408,190,7,-75.0,779.0,1446.0159999999998
1326,2016-07-23,1409,190,7,-74.0,781.0,1447.043
1330,2016-07-24,1410,191,7,-72.0,782.0,1448.07
1331,2016-07-25,1411,191,7,-72.0,782.0,1449.097
1333,2016-07-26,1412,192,7,-78.0,784.0,1450.1239999999998
1332,2016-07-27,1413,193,7,-72.0,784.0,1451.1509999999998
1336,2016-07-28,1414,193,7,-73.0,785.0,1452.1779999999999
1334,2016-07-29,1415,194,7,-72.0,787.0,1453.205
1335,2016-07-31,1416,194,7,-72.0,791.0,1454.232
1337,2016-08-01,1417,195,7,-70.0,791.0,1455.2589999999998
1338,2016-08-02,1418,196,7,-73.0,793.0,1456.2859999999998
1339,2016-08-03,1419,196,7,-73.0,793.0,1457.3129999999999
1340,2016-08-04,1420,197,7,-71.0,793.0,1458.34
1343,2016-08-05,1421,197,7,-72.0,797.0,1459.367
1342,2016-08-06,1422,198,7,-72.0,798.0,1460.3939999999998
1341,2016-08-07,1423,199,7,-71.0,800.0,1461.4209999999998
1344,2016-08-08,1424,199,7,-72.0,803.0,1462.4479999999999
1345,2016-08-09,1425,200,7,-72.0,804.0,1463.475
1346,2016-08-10,1426,200,7,-71.0,803.0,1464.502
1347,2016-08-11,1427,201,7,-72.0,807.0,1465.5289999999998
1348,2016-08-12,1428,202,7,-72.0,808.0,1466.5559999999998
1349,2016-08-13,1429,202,7,-70.0,810.0,1467.5829999999999
1351,2016-08-14,1430,203,7,-69.0,810.0,1468.61
1350,2016-08-15,1431,204,7,-69.0,811.0,1469.637
1352,2016-08-16,1432,204,7,-71.0,813.0,1470.664
1353,2016-08-17,1433,205,7,-70.0,818.0,1471.6909999999998
1356,2016-08-18,1434,205,7,-70.0,818.0,1472.7179999999998
1355,2016-08-19,1435,206,7,-71.0,823.0,1473.745
1354,2016-08-20,1436,207,7,-72.0,825.0,1474.772
1357,2016-08-21,1437,207,7,-71.0,821.0,1475.799
1358,2016-08-22,1438,208,7,-68.0,823.0,1476.8259999999998
1360,2016-08-23,1439,208,7,-71.0,828.0,1477.8529999999998
1359,2016-08-24,1440,209,7,-70.0,828.0,1478.8799999999999
1361,2016-08-25,1441,210,8,-74.0,828.0,1479.907
1362,2016-08-26,1442,210,8,-68.0,829.0,1480.934
1363,2016-08-27,1443,211,8,-69.0,831.0,1481.9609999999998
1364,2016-08-28,1444,212,8,-69.0,833.0,1482.9879999999998
1365,2016-08-29,1445,212,8,-69.0,836.0,1484.0149999999999
1366,2016-08-30,1446,213,8,-70.0,841.0,1485.042
1367,2016-08-31,1447,214,8,-74.0,841.0,1486.069
1369,2016-09-01,1448,214,8,-69.0,841.0,1487.0959999999998
1368,2016-09-02,1449,215,8,-71.0,841.0,1488.1229999999998
1370,2016-09-03,1450,215,8,-69.0,842.0,1489.1499999999999
1371,2016-09-04,1451,216,8,-71.0,842.0,1490.177
1373,2016-09-06,1452,217,8,-74.0,845.0,1491.204
1372,2016-09-07,1453,217,8,-73.0,850.0,1492.2309999999998
1374,2016-09-08,1454,218,8,-69.0,854.0,1493.2579999999998
1377,2016-09-09,1455,219,8,-70.0,858.0,1494.2849999999999
1376,2016-09-10,1456,219,8,-69.0,859.0,1495.312
1375,2016-09-11,1457,220,8,-69.0,860.0,1496.339
1378,2016-09-12,1458,220,8,-69.0,859.0,1497.366
1379,2016-09-13,1459,221,8,-71.0,861.0,1498.3929999999998
1380,2016-09-14,1460,222,8,-70.0,865.0,1499.4199999999998
1382,2016-09-15,1461,222,8,-69.0,870.0,1500.447
1381,2016-09-16,1462,223,8,-68.0,871.0,1501.474
1383,2016-09-17,1463,224,8,-68.0,871.0,1502.501
1384,2016-09-18,1464,224,8,-71.0,871.0,1503.5279999999998
1385,2016-09-19,1465,225,8,-68.0,870.0,1504.5549999999998
1386,2016-09-20,1466,226,8,-67.0,873.0,1505.5819999999999
1387,2016-09-21,1467,226,8,-69.0,877.0,1506.609
1388,2016-09-22,1468,227,8,-70.0,879.0,1507.636
1389,2016-09-23,1469,228,8,-72.0,881.0,1508.6629999999998
1391,2016-09-24,1470,228,8,-70.0,879.0,1509.6899999999998
1392,2016-09-25,1471,229,8,-71.0,880.0,1510.7169999999999
1390,2016-09-26,1472,229,8,-68.0,879.0,1511.744
1393,2016-09-27,1473,230,8,-67.0,881.0,1512.771
1394,2016-09-28,1474,231,8,-68.0,889.0,1513.7979999999998
1396,2016-09-29,1475,231,8,-72.0,890.0,1514.8249999999998
1395,2016-09-30,1476,232,8,-69.0,888.0,1515.8519999999999
1397,2016-10-01,1477,233,8,-72.0,888.0,1516.879
1399,2016-10-02,1478,233,8,-68.0,887.0,1517.906
1398,2016-10-03,1479,234,8,-66.0,890.0,1518.9329999999998
1400,2016-10-04,1480,235,8,-68.0,893.0,1519.9599999999998
1401,2016-10-05,1481,235,8,-70.0,893.0,1520.9869999999999
1403,2016-10-06,1482,236,8,-68.0,893.0,1522.014
1402,2016-10-07,1483,237,8,-68.0,892.0,1523.041
1404,2016-10-08,1484,237,8,-68.0,895.0,1524.068
1405,2016-10-09,1485,238,8,-71.0,899.0,1525.0949999999998
1406,2016-10-10,1486,239,8,-71.0,901.0,1526.1219999999998
1407,2016-10-11,1487,239,8,-68.0,901.0,1527.149
1408,2016-10-12,1488,240,9,-69.0,902.0,1528.176
1410,2016-10-14,1489,240,9,-68.0,903.0,1529.203
1411,2016-10-15,1490,241,9,-66.0,904.0,1530.2299999999998
1409,2016-10-16,1491,242,9,-69.0,906.0,1531.2569999999998
1412,2016-10-17,1492,242,9,-68.0,910.0,1532.2839999999999
1413,2016-10-18,1493,243,9,-70.0,905.0,1533.311
1414,2016-10-19,1494,244,9,-70.0,904.0,1534.338
1416,2016-10-20,1495,244,9,-71.0,903.0,1535.3649999999998
1415,2016-10-21,1496,245,9,-72.0,906.0,1536.3919999999998
1417,2016-10-22,1497,246,9,-68.0,909.0,1537.4189999999999
1418,2016-10-23,1498,246,9,-68.0,907.0,1538.446
1419,2016-10-24,1499,247,9,-69.0,903.0,1539.473
1420,2016-10-25,1500,248,9,-70.0,903.0,1540.4999999999998
1421,2016-10-26,1501,248,9,-69.0,903.0,1541.5269999999998
1422,2016-10-27,1502,249,9,-69.0,907.0,1542.5539999999999
1424,2016-10-28,1503,250,9,-70.0,909.0,1543.581
1423,2016-10-29,1504,250,9,-69.0,910.0,1544.608
1425,2016-10-30,1505,251,9,-69.0,906.0,1545.6349999999998
1426,2016-10-31,1506,252,9,-71.0,907.0,1546.6619999999998
1427,2016-11-01,1507,252,9,-70.0,907.0,1547.6889999999999
1428,2016-11-02,1508,253,9,-70.0,907.0,1548.716
1430,2016-11-03,1509,254,9,-70.0,910.0,1549.743
1431,2016-11-04,1510,254,9,-70.0,908.0,1550.77
1429,2016-11-05,1511,255,9,-77.0,908.0,1551.7969999999998
1432,2016-11-06,1512,255,9,-78.0,906.0,1552.8239999999998
1433,2016-11-07,1513,256,9,-74.0,907.0,1553.8509999999999
1434,2016-11-08,1514,257,9,-73.0,906.0,1554.878
1435,2016-11-09,1515,257,9,-76.0,906.0,1555.905
1436,2016-11-10,1516,258,9,-71.0,909.0,1556.9319999999998
1437,2016-11-11,1517,259,9,-76.0,911.0,1557.9589999999998
1438,2016-11-12,1518,259,9,-78.0,909.0,1558.9859999999999
1440,2016-11-13,1519,260,9,-72.0,906.0,1560.013
1439,2016-11-14,1520,261,9,-73.0,905.0,1561.04
1441,2016-11-15,1521,261,9,-71.0,905.0,1562.0669999999998
1442,2016-11-16,1522,262,9,-71.0,905.0,1563.0939999999998
1443,2016-11-17,1523,263,9,-77.0,905.0,1564.1209999999999
1444,2016-11-18,1524,263,9,-76.0,904.0,1565.148
1445,2016-11-20,1525,264,9,-74.0,902.0,1566.175
1446,2016-11-21,1526,265,9,-72.0,900.0,1567.2019999999998
1449,2016-11-22,1527,265,9,-71.0,900.0,1568.2289999999998
1450,2016-11-23,1528,266,9,-72.0,898.0,1569.2559999999999
1451,2016-11-24,1529,267,9,-73.0,900.0,1570.283
1452,2016-11-25,1530,267,9,-71.0,899.0,1571.31
1447,2016-11-26,1531,268,9,-76.0,900.0,1572.3369999999998
1448,2016-11-27,1532,268,9,-72.0,900.0,1573.3639999999998
1453,2016-11-28,1533,269,9,-72.0,896.0,1574.3909999999998
1454,2016-11-29,1534,270,10,-73.0,898.0,1575.418
1455,2016-11-30,1535,270,10,-73.0,900.0,1576.445
1456,2016-12-01,1536,271,10,-71.0,901.0,1577.4719999999998
1458,2016-12-02,1537,272,10,-74.0,900.0,1578.4989999999998
1457,2016-12-03,1538,272,10,-73.0,898.0,1579.5259999999998
1459,2016-12-04,1539,273,10,-74.0,896.0,1580.5529999999999
1460,2016-12-05,1540,274,10,-72.0,896.0,1581.58
1461,2016-12-06,1541,274,10,-76.0,895.0,1582.607
1462,2016-12-07,1542,275,10,-73.0,895.0,1583.6339999999998
1464,2016-12-08,1543,276,10,-74.0,896.0,1584.6609999999998
1463,2016-12-09,1544,276,10,-71.0,894.0,1585.6879999999999
1465,2016-12-10,1545,277,10,-73.0,891.0,1586.715
1467,2016-12-11,1546,277,10,-73.0,889.0,1587.742
1466,2016-12-12,1547,278,10,-75.0,887.0,1588.7689999999998
1468,2016-12-13,1548,279,10,-76.0,887.0,1589.7959999999998
1469,2016-12-14,1549,279,10,-76.0,887.0,1590.8229999999999
1472,2016-12-15,1550,280,10,-71.0,888.0,1591.85
1471,2016-12-16,1551,281,10,-71.0,886.0,1592.877
1470,2016-12-17,1552,281,10,-74.0,886.0,1593.9039999999998
1474,2016-12-18,1553,282,10,-77.0,884.0,1594.9309999999998
1473,2016-12-19,1554,283,10,-70.0,882.0,1595.9579999999999
1477,2016-12-20,1555,283,10,-71.0,883.0,1596.985
1478,2016-12-21,1556,284,10,-72.0,883.0,1598.012
1475,2016-12-22,1557,284,10,-70.0,883.0,1599.0389999999998
1476,2016-12-23,1558,285,10,-72.0,880.0,1600.0659999999998
1484,2016-12-24,1559,286,10,-76.0,879.0,1601.0929999999998
1482,2016-12-25,1560,286,10,-76.0,877.0,1602.12
1485,2016-12-27,1561,287,10,-77.0,877.0,1603.147
1479,2016-12-28,1562,288,10,-73.0,877.0,1604.1739999999998
1483,2016-12-29,1563,288,10,-75.0,879.0,1605.2009999999998
1481,2016-12-30,1564,289,10,-70.0,877.0,1606.2279999999998
1480,2016-12-31,1565,290,10,-72.0,874.0,1607.2549999999999
1487,2017-01-01,1566,290,10,-76.0,876.0,1608.282
1486,2017-01-02,1567,291,10,-70.0,872.0,1609.309
1488,2017-01-03,1568,291,10,-71.0,876.0,1610.3359999999998
1492,2017-01-04,1569,292,10,-70.0,873.0,1611.3629999999998
1491,2017-01-05,1570,293,10,-71.0,873.0,1612.3899999999999
1490,2017-01-06,1571,293,10,-70.0,873.0,1613.417
1489,2017-01-07,1572,294,10,-81.0,869.0,1614.444
1493,2017-01-08,1573,295,10,-74.0,872.0,1615.4709999999998
1495,2017-01-09,1574,295,10,-72.0,868.0,1616.4979999999998
1494,2017-01-10,1575,296,10,-73.0,871.0,1617.5249999999999
1496,2017-01-11,1576,296,10,-72.0,869.0,1618.552
1498,2017-01-12,1577,297,10,-72.0,866.0,1619.579
1499,2017-01-13,1578,298,10,-74.0,868.0,1620.6059999999998
1500,2017-01-14,1579,298,10,-73.0,862.0,1621.6329999999998
1497,2017-01-15,1580,299,10,-72.0,867.0,1622.6599999999999
1501,2017-01-16,1581,299,10,-72.0,862.0,1623.687
1503,2017-01-17,1582,300,11,-74.0,862.0,1624.714
1502,2017-01-18,1583,301,11,-75.0,862.0,1625.7409999999998
1505,2017-01-19,1584,301,11,-77.0,860.0,1626.7679999999998
1506,2017-01-20,1585,302,11,-76.0,864.0,1627.7949999999998
1504,2017-01-21,1586,303,11,-72.0,858.0,1628.822
1508,2017-01-22,1587,303,11,-73.0,860.0,1629.849
1507,2017-01-23,1588,304,11,-72.0,858.0,1630.8759999999997
1510,2017-01-24,1589,304,11,-72.0,857.0,1631.9029999999998
1509,2017-01-25,1590,305,11,-76.0,860.0,1632.9299999999998
1512,2017-01-26,1591,306,11,-73.0,852.0,1633.9569999999999
1511,2017-01-27,1592,306,11,-71.0,857.0,1634.984
1513,2017-01-28,1593,307,11,-72.0,852.0,1636.011
1514,2017-01-29,1594,307,11,-74.0,855.0,1637.0379999999998
1515,2017-01-30,1595,308,11,-71.0,855.0,1638.0649999999998
1516,2017-01-31,1596,309,11,-74.0,850.0,1639.0919999999999
1517,2017-02-01,1597,309,11,-73.0,855.0,1640.119
1519,2017-02-03,1598,310,11,-70.0,849.0,1641.146
1518,2017-02-04,1599,310,11,-72.0,853.0,1642.1729999999998
1520,2017-02-05,1600,311,11,-71.0,850.0,1643.1999999999998
1522,2017-02-06,1601,312,11,-71.0,853.0,1644.2269999999999
1521,2017-02-07,1602,312,11,-77.0,852.0,1645.254
1523,2017-02-08,1603,313,11,-76.0,847.0,1646.281
1524,2017-02-09,1604,313,11,-77.0,850.0,1647.3079999999998
1526,2017-02-10,1605,314,11,-73.0,846.0,1648.3349999999998
1525,2017-02-11,1606,315,11,-75.0,850.0,1649.3619999999999
1528,2017-02-12,1607,315,11,-77.0,846.0,1650.389
1527,2017-02-13,1608,316,11,-72.0,847.0,1651.416
1529,2017-02-14,1609,316,11,-71.0,847.0,1652.4429999999998
1534,2017-02-18,1613,319,11,-72.0,846.0,1656.551
1533,2017-02-19,1614,319,11,-73.0,837.0,1657.5779999999997
1536,2017-02-20,1615,320,11,-73.0,842.0,1658.6049999999998
1535,2017-02-21,1616,320,11,-73.0,848.0,1659.6319999999998
1537,2017-02-22,1617,321,11,-72.0,840.0,1660.6589999999999
1540,2017-02-23,1618,322,11,-71.0,845.0,1661.686
1538,2017-02-24,1619,322,11,-73.0,841.0,1662.713
1539,2017-02-25,1620,323,11,-70.0,844.0,1663.7399999999998
1541,2017-02-26,1621,323,11,-73.0,842.0,1664.7669999999998
1542,2017-02-27,1622,324,11,-71.0,841.0,1665.7939999999999
1544,2017-02-28,1623,324,11,-71.0,840.0,1666.821
1543,2017-03-01,1624,325,11,-72.0,837.0,1667.848
1546,2017-03-02,1625,326,11,-71.0,839.0,1668.8749999999998
1545,2017-03-03,1626,326,11,-71.0,839.0,1669.9019999999998
1547,2017-03-04,1627,327,11,-72.0,838.0,1670.9289999999999
1549,2017-03-05,1628,327,11,-71.0,839.0,1671.956
1548,2017-03-06,1629,328,11,-74.0,837.0,1672.983
1551,2017-03-07,1630,328,11,-77.0,838.0,1674.0099999999998
1550,2017-03-08,1631,329,11,-77.0,837.0,1675.0369999999998
1552,2017-03-09,1632,330,12,-72.0,836.0,1676.0639999999999
1554,2017-03-10,1633,330,12,-75.0,834.0,1677.091
1553,2017-03-12,1634,331,12,-72.0,834.0,1678.118
1555,2017-03-13,1635,331,12,-73.0,833.0,1679.1449999999998
1556,2017-03-14,1636,332,12,-72.0,834.0,1680.1719999999998
1557,2017-03-15,1637,332,12,-73.0,833.0,1681.1989999999998
1559,2017-03-16,1638,333,12,-73.0,833.0,1682.2259999999999
1558,2017-03-17,1639,334,12,-71.0,832.0,1683.253
1561,2017-03-18,1640,334,12,-72.0,832.0,1684.2799999999997
1560,2017-03-19,1641,335,12,-72.0,831.0,1685.3069999999998
1564,2017-03-20,1642,335,12,-72.0,829.0,1686.3339999999998
1563,2017-03-21,1643,336,12,-74.0,832.0,1687.3609999999999
1562,2017-03-22,1644,336,12,-74.0,832.0,1688.388
1567,2017-03-23,1645,337,12,-74.0,832.0,1689.415
1565,2017-03-24,1646,337,12,-74.0,831.0,1690.4419999999998
1566,2017-03-25,1647,338,12,-73.0,831.0,1691.4689999999998
1568,2017-03-26,1648,339,12,-73.0,830.0,1692.4959999999999
1569,2017-03-27,1649,339,12,-74.0,830.0,1693.523
1570,2017-03-28,1650,340,12,-75.0,833.0,1694.55
1571,2017-03-29,1651,340,12,-77.0,833.0,1695.5769999999998
1572,2017-03-30,1652,341,12,-76.0,834.0,1696.6039999999998
1573,2017-03-31,1653,341,12,-75.0,833.0,1697.6309999999999
1575,2017-04-01,1654,342,12,-75.0,829.0,1698.658
1574,2017-04-02,1655,342,12,-76.0,831.0,1699.685
1576,2017-04-03,1656,343,12,-75.0,832.0,1700.7119999999998
1578,2017-04-04,1657,343,12,-75.0,836.0,1701.7389999999998
1577,2017-04-05,1658,344,12,-77.0,835.0,1702.7659999999998
1579,2017-04-06,1659,345,12,-77.0,832.0,1703.793
1581,2017-04-07,1660,345,12,-74.0,832.0,1704.82
1580,2017-04-08,1661,346,12,-75.0,831.0,1705.8469999999998
1583,2017-04-09,1662,346,12,-75.0,831.0,1706.8739999999998
1584,2017-04-10,1663,347,12,-74.0,832.0,1707.9009999999998
1586,2017-04-11,1664,347,12,-74.0,832.0,1708.9279999999999
1585,2017-04-12,1665,348,12,-76.0,833.0,1709.955
1582,2017-04-13,1666,348,12,-76.0,834.0,1710.9819999999997
1588,2017-04-14,1667,349,12,-76.0,833.0,1712.0089999999998
1587,2017-04-15,1668,349,12,-77.0,831.0,1713.0359999999998
1589,2017-04-16,1669,350,12,-74.0,833.0,1714.0629999999999
1590,2017-04-18,1670,350,12,-76.0,834.0,1715.09
1591,2017-04-19,1671,351,12,-76.0,832.0,1716.117
1592,2017-04-20,1672,351,12,-74.0,833.0,1717.1439999999998
1594,2017-04-21,1673,352,12,-75.0,836.0,1718.1709999999998
1593,2017-04-22,1674,352,12,-75.0,835.0,1719.1979999999999
1595,2017-04-23,1675,353,12,-75.0,835.0,1720.225
1596,2017-04-24,1676,354,12,-76.0,837.0,1721.252
1597,2017-04-25,1677,354,12,-74.0,835.0,1722.2789999999998
1598,2017-04-26,1678,355,12,-74.0,836.0,1723.3059999999998
1599,2017-04-27,1679,355,12,-75.0,836.0,1724.3329999999999
1601,2017-04-28,1680,356,12,-74.0,835.0,1725.36
1602,2017-04-29,1681,356,12,-74.0,837.0,1726.387
1603,2017-04-30,1682,357,12,-76.0,839.0,1727.4139999999998
1600,2017-05-01,1683,357,12,-75.0,837.0,1728.4409999999998
1604,2017-05-02,1684,358,12,-75.0,837.0,1729.4679999999998
1605,2017-05-03,1685,358,12,-77.0,838.0,1730.495
1607,2017-05-04,1686,359,12,-75.0,838.0,1731.522
1608,2017-05-05,1687,359,12,-75.0,838.0,1732.5489999999998
1606,2017-05-06,1688,0,1,-76.0,840.0,1733.5759999999998
1610,2017-05-07,1689,0,1,-75.0,840.0,1734.6029999999998
1609,2017-05-08,1690,1,1,-76.0,840.0,1735.6299999999999
1614,2017-05-10,1692,2,1,-62.0,820.0,1737.6839999999997
1612,2017-05-11,1693,2,1,-76.0,840.0,1738.7109999999998
1613,2017-05-12,1694,3,1,-76.0,840.0,1739.7379999999998
1611,2017-05-13,1695,3,1,-77.0,840.0,1740.7649999999999
1615,2017-05-14,1696,4,1,-75.0,841.0,1741.792
1616,2017-05-15,1697,4,1,-77.0,841.0,1742.819
1618,2017-05-16,1698,5,1,-77.0,842.0,1743.8459999999998
1617,2017-05-17,1699,5,1,-76.0,843.0,1744.8729999999998
1619,2017-05-18,1700,6,1,-76.0,842.0,1745.8999999999999
1620,2017-05-19,1701,6,1,-76.0,841.0,1746.927
1621,2017-05-20,1702,7,1,-75.0,842.0,1747.954
1622,2017-05-21,1703,7,1,-76.0,843.0,1748.9809999999998
1625,2017-05-22,1704,8,1,-77.0,844.0,1750.0079999999998
1623,2017-05-23,1705,8,1,-76.0,845.0,1751.0349999999999
1624,2017-05-24,1706,9,1,-77.0,845.0,1752.062
1627,2017-05-26,1707,9,1,-77.0,846.0,1753.089
1626,2017-05-27,1708,10,1,-76.0,846.0,1754.1159999999998
1628,2017-05-28,1709,10,1,-76.0,847.0,1755.1429999999998
1629,2017-05-29,1710,11,1,-76.0,848.0,1756.1699999999998
1631,2017-05-30,1711,11,1,-75.0,848.0,1757.197
1630,2017-05-31,1712,12,1,-77.0,849.0,1758.224
1635,2017-06-01,1713,12,1,-75.0,850.0,1759.2509999999997
1633,2017-06-02,1714,13,1,-77.0,849.0,1760.2779999999998
1634,2017-06-03,1715,13,1,-77.0,851.0,1761.3049999999998
1632,2017-06-04,1716,14,1,-76.0,850.0,1762.3319999999999
1636,2017-06-05,1717,14,1,-76.0,851.0,1763.359
1637,2017-06-06,1718,15,1,-77.0,852.0,1764.3859999999997
1639,2017-06-07,1719,15,1,-77.0,853.0,1765.4129999999998
1638,2017-06-08,1720,16,1,-76.0,853.0,1766.4399999999998
1641,2017-06-09,1721,16,1,-76.0,852.0,1767.4669999999999
1640,2017-06-10,1722,17,1,-77.0,854.0,1768.494
1642,2017-06-11,1723,17,1,-76.0,854.0,1769.521
1643,2017-06-12,1724,18,1,-77.0,856.0,1770.5479999999998
1644,2017-06-13,1725,18,1,-79.0,857.0,1771.5749999999998
1645,2017-06-14,1726,19,1,-76.0,855.0,1772.6019999999999
1647,2017-06-15,1727,19,1,-75.0,855.0,1773.629
1648,2017-06-16,1728,20,1,-76.0,855.0,1774.656
1646,2017-06-17,1729,20,1,-76.0,858.0,1775.6829999999998
1650,2017-06-18,1730,21,1,-77.0,858.0,1776.7099999999998
1649,2017-06-19,1731,21,1,-78.0,857.0,1777.7369999999999
1651,2017-06-20,1732,22,1,-78.0,858.0,1778.764
1652,2017-06-21,1733,22,1,-77.0,859.0,1779.791
1655,2017-06-22,1734,23,1,-78.0,859.0,1780.8179999999998
1653,2017-06-23,1735,23,1,-78.0,861.0,1781.8449999999998
1654,2017-06-24,1736,23,1,-77.0,860.0,1782.8719999999998
1656,2017-06-25,1737,24,1,-78.0,861.0,1783.899
1657,2017-06-26,1738,24,1,-78.0,861.0,1784.926
1658,2017-06-27,1739,25,1,-77.0,861.0,1785.9529999999997
1662,2017-06-28,1740,25,1,-78.0,861.0,1786.9799999999998
1659,2017-06-29,1741,26,1,-78.0,863.0,1788.0069999999998
1661,2017-06-30,1742,26,1,-77.0,865.0,1789.0339999999999
1660,2017-07-02,1743,27,1,-78.0,863.0,1790.061
1663,2017-07-03,1744,27,1,-78.0,863.0,1791.0879999999997
1664,2017-07-04,1745,28,1,-78.0,865.0,1792.1149999999998
1665,2017-07-05,1746,28,1,-76.0,866.0,1793.1419999999998
1666,2017-07-06,1747,29,1,-79.0,866.0,1794.1689999999999
1668,2017-07-07,1748,29,1,-79.0,867.0,1795.196
1667,2017-07-08,1749,30,2,-76.0,867.0,1796.223
1669,2017-07-09,1750,30,2,-77.0,867.0,1797.2499999999998
1670,2017-07-10,1751,31,2,-78.0,867.0,1798.2769999999998
1671,2017-07-11,1752,31,2,-80.0,867.0,1799.3039999999999
1672,2017-07-12,1753,32,2,-76.0,868.0,1800.331
1673,2017-07-13,1754,32,2,-78.0,870.0,1801.358
1674,2017-07-14,1755,32,2,-77.0,870.0,1802.3849999999998
1675,2017-07-15,1756,33,2,-78.0,871.0,1803.4119999999998
1676,2017-07-16,1757,33,2,-78.0,871.0,1804.4389999999999
1677,2017-07-17,1758,34,2,-78.0,871.0,1805.466
1678,2017-07-18,1759,34,2,-77.0,871.0,1806.493
1679,2017-07-19,1760,35,2,-78.0,872.0,1807.5199999999998
1684,2017-07-20,1761,35,2,-77.0,872.0,1808.5469999999998
1687,2017-07-21,1762,36,2,-77.0,872.0,1809.5739999999998
1680,2017-07-22,1763,36,2,-78.0,873.0,1810.6009999999999
1682,2017-07-23,1764,37,2,-79.0,872.0,1811.628
1690,2017-07-24,1765,37,2,-77.0,873.0,1812.6549999999997
1688,2017-07-25,1766,38,2,-79.0,873.0,1813.6819999999998
1691,2017-07-26,1767,38,2,-77.0,874.0,1814.7089999999998
1683,2017-07-27,1768,39,2,-78.0,875.0,1815.7359999999999
1689,2017-07-28,1769,39,2,-76.0,875.0,1816.763
1686,2017-07-29,1770,39,2,-79.0,875.0,1817.7899999999997
1692,2017-07-30,1771,40,2,-79.0,876.0,1818.8169999999998
1681,2017-07-31,1772,40,2,-78.0,876.0,1819.8439999999998
1685,2017-08-01,1773,41,2,-78.0,876.0,1820.8709999999999
1693,2017-08-02,1774,41,2,-79.0,877.0,1821.898
1694,2017-08-03,1775,42,2,-80.0,877.0,1822.925
1696,2017-08-04,1776,42,2,-79.0,877.0,1823.9519999999998
1695,2017-08-05,1777,43,2,-79.0,877.0,1824.9789999999998
1697,2017-08-06,1778,43,2,-81.0,877.0,1826.0059999999999
1698,2017-08-07,1779,44,2,-78.0,878.0,1827.033
1699,2017-08-09,1780,44,2,-77.0,879.0,1828.06
1700,2017-08-10,1781,45,2,-78.0,879.0,1829.0869999999998
1701,2017-08-11,1782,45,2,-78.0,878.0,1830.1139999999998
1703,2017-08-12,1783,45,2,-79.0,879.0,1831.1409999999998
1702,2017-08-13,1784,46,2,-80.0,883.0,1832.168
1704,2017-08-14,1785,46,2,-77.0,881.0,1833.195
1705,2017-08-16,1787,47,2,-79.0,881.0,1835.2489999999998
1706,2017-08-17,1788,48,2,-79.0,881.0,1836.2759999999998
1708,2017-08-18,1789,48,2,-79.0,881.0,1837.3029999999999
1707,2017-08-19,1790,49,2,-81.0,882.0,1838.33
1709,2017-08-20,1791,49,2,-79.0,882.0,1839.3569999999997
1710,2017-08-21,1792,50,2,-80.0,883.0,1840.3839999999998
1711,2017-08-22,1793,50,2,-80.0,883.0,1841.4109999999998
1712,2017-08-23,1794,50,2,-80.0,883.0,1842.4379999999999
1714,2017-08-24,1795,51,2,-81.0,882.0,1843.465
1715,2017-08-25,1796,51,2,-80.0,883.0,1844.4919999999997
1713,2017-08-26,1797,52,2,-79.0,884.0,1845.5189999999998
1716,2017-08-27,1798,52,2,-79.0,883.0,1846.5459999999998
1717,2017-08-28,1799,53,2,-78.0,883.0,1847.5729999999999
1718,2017-08-29,1800,53,2,-80.0,883.0,1848.6
1719,2017-08-30,1801,54,2,-80.0,882.0,1849.627
1722,2017-08-31,1802,54,2,-79.0,882.0,1850.6539999999998
1723,2017-09-01,1803,55,2,-78.0,882.0,1851.6809999999998
1720,2017-09-02,1804,55,2,-78.0,883.0,1852.7079999999999
1721,2017-09-03,1805,55,2,-78.0,883.0,1853.735
1724,2017-09-04,1806,56,2,-80.0,884.0,1854.762
1725,2017-09-05,1807,56,2,-78.0,884.0,1855.7889999999998
1726,2017-09-06,1808,57,2,-79.0,884.0,1856.8159999999998
1728,2017-09-07,1809,57,2,-80.0,884.0,1857.8429999999998
1729,2017-09-08,1810,58,2,-78.0,883.0,1858.87
1727,2017-09-09,1811,58,2,-79.0,882.0,1859.897
1730,2017-09-10,1812,59,2,-79.0,882.0,1860.9239999999998
1731,2017-09-11,1813,59,2,-80.0,881.0,1861.9509999999998
1732,2017-09-12,1814,59,2,-80.0,881.0,1862.9779999999998
1733,2017-09-13,1815,60,3,-81.0,881.0,1864.0049999999999
1734,2017-09-15,1816,60,3,-82.0,882.0,1865.032
1735,2017-09-16,1817,61,3,-80.0,882.0,1866.0589999999997
1736,2017-09-17,1818,61,3,-81.0,881.0,1867.0859999999998
1737,2017-09-18,1819,62,3,-82.0,880.0,1868.1129999999998
1738,2017-09-19,1820,62,3,-79.0,881.0,1869.1399999999999
1740,2017-09-20,1821,63,3,-81.0,882.0,1870.167
1739,2017-09-21,1822,63,3,-78.0,881.0,1871.1939999999997
1743,2017-09-22,1823,64,3,-80.0,879.0,1872.2209999999998
1742,2017-09-23,1824,64,3,-80.0,879.0,1873.2479999999998
1741,2017-09-24,1825,64,3,-80.0,878.0,1874.2749999999999
1744,2017-09-25,1826,65,3,-80.0,878.0,1875.302
1745,2017-09-26,1827,65,3,-80.0,879.0,1876.329
1746,2017-09-27,1828,66,3,-80.0,878.0,1877.3559999999998
1749,2017-09-28,1829,66,3,-78.0,877.0,1878.3829999999998
1748,2017-09-29,1830,67,3,-80.0,877.0,1879.4099999999999
1747,2017-09-30,1831,67,3,-80.0,876.0,1880.437
1750,2017-10-01,1832,68,3,-84.0,875.0,1881.464
1751,2017-10-02,1833,68,3,-81.0,875.0,1882.4909999999998
1752,2017-10-03,1834,68,3,-80.0,875.0,1883.5179999999998
1753,2017-10-04,1835,69,3,-80.0,873.0,1884.5449999999998
1755,2017-10-05,1836,69,3,-81.0,873.0,1885.572
1756,2017-10-06,1837,70,3,-81.0,872.0,1886.599
1754,2017-10-07,1838,70,3,-79.0,872.0,1887.6259999999997
1757,2017-10-08,1839,71,3,-80.0,872.0,1888.6529999999998
1758,2017-10-09,1840,71,3,-77.0,871.0,1889.6799999999998
1759,2017-10-10,1841,72,3,-77.0,870.0,1890.7069999999999
1761,2017-10-11,1842,72,3,-79.0,869.0,1891.734
1760,2017-10-12,1843,72,3,-80.0,869.0,1892.7609999999997
1762,2017-10-13,1844,73,3,-81.0,869.0,1893.7879999999998
1763,2017-10-14,1845,73,3,-80.0,868.0,1894.8149999999998
1765,2017-10-15,1846,74,3,-80.0,868.0,1895.8419999999999
1764,2017-10-16,1847,74,3,-80.0,866.0,1896.869
1766,2017-10-17,1848,75,3,-80.0,865.0,1897.8959999999997
1770,2017-10-18,1849,75,3,-80.0,864.0,1898.9229999999998
1768,2017-10-19,1850,76,3,-80.0,864.0,1899.9499999999998
1767,2017-10-20,1851,76,3,-87.0,864.0,1900.9769999999999
1769,2017-10-22,1852,77,3,-80.0,863.0,1902.004
1771,2017-10-23,1853,77,3,-80.0,862.0,1903.031
1772,2017-10-24,1854,77,3,-80.0,861.0,1904.0579999999998
1773,2017-10-25,1855,78,3,-78.0,861.0,1905.0849999999998
1774,2017-10-26,1856,78,3,-80.0,859.0,1906.1119999999999
1776,2017-10-27,1857,79,3,-80.0,858.0,1907.139
1775,2017-10-28,1858,79,3,-81.0,857.0,1908.166
1779,2017-10-29,1859,80,3,-79.0,857.0,1909.1929999999998
1778,2017-10-30,1860,80,3,-80.0,857.0,1910.2199999999998
1780,2017-10-31,1861,81,3,-79.0,855.0,1911.2469999999998
1777,2017-11-01,1862,81,3,-81.0,854.0,1912.274
1781,2017-11-02,1863,81,3,-80.0,853.0,1913.301
1782,2017-11-03,1864,82,3,-82.0,852.0,1914.3279999999997
1783,2017-11-04,1865,82,3,-80.0,852.0,1915.3549999999998
1785,2017-11-05,1866,83,3,-80.0,850.0,1916.3819999999998
1784,2017-11-06,1867,83,3,-78.0,848.0,1917.4089999999999
1786,2017-11-07,1868,84,3,-80.0,848.0,1918.436
1787,2017-11-08,1869,84,3,-81.0,846.0,1919.4629999999997
1788,2017-11-09,1870,85,3,-81.0,845.0,1920.4899999999998
1789,2017-11-10,1871,85,3,-80.0,844.0,1921.5169999999998
1791,2017-11-11,1872,86,3,-79.0,843.0,1922.5439999999999
1790,2017-11-12,1873,86,3,-79.0,842.0,1923.571
1792,2017-11-13,1874,86,3,-80.0,840.0,1924.5979999999997
1793,2017-11-14,1875,87,3,-79.0,839.0,1925.6249999999998
1794,2017-11-15,1876,87,3,-79.0,838.0,1926.6519999999998
1797,2017-11-16,1877,88,3,-79.0,837.0,1927.6789999999999
1795,2017-11-17,1878,88,3,-79.0,835.0,1928.706
1796,2017-11-18,1879,89,3,-79.0,834.0,1929.733
1798,2017-11-19,1880,89,3,-79.0,833.0,1930.7599999999998
1803,2017-11-20,1881,90,4,-79.0,832.0,1931.7869999999998
1801,2017-11-21,1882,90,4,-78.0,831.0,1932.8139999999999
1800,2017-11-22,1883,91,4,-78.0,830.0,1933.841
1799,2017-11-23,1884,91,4,-79.0,829.0,1934.868
1804,2017-11-24,1885,91,4,-79.0,827.0,1935.8949999999998
1805,2017-11-25,1886,92,4,-79.0,826.0,1936.9219999999998
1802,2017-11-26,1887,92,4,-79.0,824.0,1937.9489999999998
1807,2017-11-27,1888,93,4,-79.0,823.0,1938.9759999999999
1806,2017-11-29,1889,93,4,-80.0,822.0,1940.003
1808,2017-11-30,1890,94,4,-79.0,821.0,1941.0299999999997
1810,2017-12-01,1891,94,4,-80.0,819.0,1942.0569999999998
1809,2017-12-02,1892,95,4,-81.0,817.0,1943.0839999999998
1812,2017-12-03,1893,95,4,-79.0,816.0,1944.1109999999999
1811,2017-12-04,1894,96,4,-79.0,815.0,1945.138
1814,2017-12-05,1895,96,4,-78.0,814.0,1946.1649999999997
1813,2017-12-06,1896,96,4,-79.0,812.0,1947.1919999999998
1817,2017-12-07,1897,97,4,-80.0,811.0,1948.2189999999998
1816,2017-12-08,1898,97,4,-81.0,810.0,1949.2459999999999
1815,2017-12-09,1899,98,4,-81.0,808.0,1950.273
1818,2017-12-10,1900,98,4,-81.0,807.0,1951.2999999999997
1819,2017-12-11,1901,99,4,-81.0,806.0,1952.3269999999998
1820,2017-12-12,1902,99,4,-79.0,804.0,1953.3539999999998
1821,2017-12-13,1903,100,4,-78.0,803.0,1954.3809999999999
1822,2017-12-14,1904,100,4,-79.0,801.0,1955.408
1823,2017-12-15,1905,101,4,-80.0,800.0,1956.435
1824,2017-12-16,1906,101,4,-79.0,799.0,1957.4619999999998
1825,2017-12-17,1907,101,4,-79.0,798.0,1958.4889999999998
1826,2017-12-18,1908,102,4,-79.0,796.0,1959.5159999999998
1827,2017-12-19,1909,102,4,-80.0,795.0,1960.543
1828,2017-12-20,1910,103,4,-80.0,794.0,1961.57
1833,2017-12-21,1911,103,4,-79.0,792.0,1962.5969999999998
1832,2017-12-22,1912,104,4,-80.0,791.0,1963.6239999999998
1830,2017-12-23,1913,104,4,-79.0,791.0,1964.6509999999998
1834,2017-12-24,1914,105,4,-78.0,790.0,1965.6779999999999
1835,2017-12-25,1915,105,4,-78.0,788.0,1966.705
1829,2017-12-26,1916,106,4,-79.0,787.0,1967.7319999999997
1831,2017-12-27,1917,106,4,-80.0,786.0,1968.7589999999998
1839,2017-12-28,1918,107,4,-77.0,784.0,1969.7859999999998
1836,2017-12-29,1919,107,4,-77.0,783.0,1970.8129999999999
1837,2017-12-30,1920,108,4,-77.0,782.0,1971.84
1838,2017-12-31,1921,108,4,-78.0,781.0,1972.8669999999997
1840,2018-01-01,1922,108,4,-79.0,780.0,1973.8939999999998
1842,2018-01-02,1923,109,4,-77.0,778.0,1974.9209999999998
1841,2018-01-03,1924,109,4,-78.0,777.0,1975.9479999999999
1844,2018-01-05,1925,110,4,-79.0,777.0,1976.975
1843,2018-01-06,1926,110,4,-80.0,775.0,1978.0019999999997
1845,2018-01-07,1927,111,4,-79.0,774.0,1979.0289999999998
1847,2018-01-08,1928,111,4,-78.0,773.0,1980.0559999999998
1846,2018-01-09,1929,112,4,-79.0,771.0,1981.0829999999999
1848,2018-01-10,1930,112,4,-79.0,770.0,1982.11
1849,2018-01-11,1931,113,4,-79.0,770.0,1983.137
1850,2018-01-12,1932,113,4,-79.0,768.0,1984.1639999999998
1852,2018-01-13,1933,114,4,-78.0,767.0,1985.1909999999998
1851,2018-01-14,1934,114,4,-79.0,766.0,1986.2179999999998
1853,2018-01-15,1935,115,4,-80.0,765.0,1987.245
1855,2018-01-16,1936,115,4,-79.0,764.0,1988.272
1854,2018-01-17,1937,116,4,-80.0,763.0,1989.2989999999998
1859,2018-01-18,1938,116,4,-78.0,762.0,1990.3259999999998
1857,2018-01-19,1939,116,4,-78.0,760.0,1991.3529999999998
1858,2018-01-20,1940,117,4,-77.0,759.0,1992.3799999999999
1856,2018-01-21,1941,117,4,-77.0,758.0,1993.407
1860,2018-01-22,1942,118,4,-78.0,757.0,1994.4339999999997
1863,2018-01-23,1943,118,4,-78.0,756.0,1995.4609999999998
1861,2018-01-24,1944,119,4,-80.0,755.0,1996.4879999999998
1862,2018-01-25,1945,119,4,-78.0,754.0,1997.5149999999999
1864,2018-01-26,1946,120,5,-79.0,753.0,1998.542
1865,2018-01-27,1947,120,5,-78.0,751.0,1999.5689999999997
1866,2018-01-28,1948,121,5,-78.0,752.0,2000.5959999999998
1867,2018-01-29,1949,121,5,-78.0,751.0,2001.6229999999998
1868,2018-01-30,1950,122,5,-79.0,750.0,2002.6499999999999
1869,2018-01-31,1951,122,5,-77.0,749.0,2003.677
1871,2018-02-01,1952,123,5,-80.0,748.0,2004.7039999999997
1870,2018-02-02,1953,123,5,-78.0,747.0,2005.7309999999998
1872,2018-02-03,1954,124,5,-77.0,745.0,2006.7579999999998
1873,2018-02-04,1955,124,5,-77.0,745.0,2007.7849999999999
1879,2018-02-05,1956,125,5,-79.0,744.0,2008.812
1875,2018-02-06,1957,125,5,-77.0,742.0,2009.839
1874,2018-02-07,1958,126,5,-77.0,741.0,2010.8659999999998
1878,2018-02-08,1959,126,5,-78.0,740.0,2011.8929999999998
1876,2018-02-09,1960,127,5,-78.0,740.0,2012.9199999999998
1877,2018-02-11,1961,127,5,-77.0,740.0,2013.947
1880,2018-02-12,1962,128,5,-78.0,738.0,2014.974
1881,2018-02-13,1963,128,5,-77.0,737.0,2016.0009999999997
1882,2018-02-14,1964,129,5,-76.0,736.0,2017.0279999999998
1883,2018-02-15,1965,129,5,-76.0,735.0,2018.0549999999998
1884,2018-02-16,1966,130,5,-77.0,735.0,2019.0819999999999
1885,2018-02-17,1967,130,5,-76.0,734.0,2020.109
1886,2018-02-18,1968,131,5,-76.0,732.0,2021.1359999999997
1887,2018-02-19,1969,131,5,-76.0,732.0,2022.1629999999998
1888,2018-02-20,1970,132,5,-77.0,731.0,2023.1899999999998
1890,2018-02-21,1971,132,5,-78.0,731.0,2024.2169999999999
1891,2018-02-22,1972,133,5,-78.0,730.0,2025.244
1889,2018-02-23,1973,133,5,-78.0,730.0,2026.2709999999997
1892,2018-02-24,1974,134,5,-77.0,729.0,2027.2979999999998
1894,2018-02-25,1975,134,5,-76.0,729.0,2028.3249999999998
1893,2018-02-26,1976,135,5,-77.0,728.0,2029.3519999999999
1895,2018-02-27,1977,135,5,-77.0,727.0,2030.379
